,file_path,modality,vocal_channel,emotion,emotional_intensity,statement,repetition,actor
0,/content/ravdess/Actor_06/03-02-06-01-01-02-06.wav,03,02,06,01,01,02,06
1,/content/ravdess/Actor_06/03-02-01-01-02-02-06.wav,03,02,01,01,02,02,06
2,/content/ravdess/Actor_06/03-02-02-02-01-02-06.wav,03,02,02,02,01,02,06
3,/content/ravdess/Actor_06/03-02-06-01-02-01-06.wav,03,02,06,01,02,01,06
4,/content/ravdess/Actor_06/03-02-04-02-02-01-06.wav,03,02,04,02,02,01,06
5,/content/ravdess/Actor_06/03-02-01-01-01-01-06.wav,03,02,01,01,01,01,06
6,/content/ravdess/Actor_06/03-02-06-02-02-01-06.wav,03,02,06,02,02,01,06
7,/content/ravdess/Actor_06/03-02-05-01-01-02-06.wav,03,02,05,01,01,02,06
8,/content/ravdess/Actor_06/03-02-02-02-02-02-06.wav,03,02,02,02,02,02,06
9,/content/ravdess/Actor_06/03-02-01-01-02-01-06.wav,03,02,01,01,02,01,06
10,/content/ravdess/Actor_06/03-02-02-01-02-01-06.wav,03,02,02,01,02,01,06
11,/content/ravdess/Actor_06/03-02-03-02-02-01-06.wav,03,02,03,02,02,01,06
12,/content/ravdess/Actor_06/03-02-03-01-02-01-06.wav,03,02,03,01,02,01,06
13,/content/ravdess/Actor_06/03-02-05-01-02-02-06.wav,03,02,05,01,02,02,06
14,/content/ravdess/Actor_06/03-02-02-02-01-01-06.wav,03,02,02,02,01,01,06
15,/content/ravdess/Actor_06/03-02-03-02-02-02-06.wav,03,02,03,02,02,02,06
16,/content/ravdess/Actor_06/03-02-04-02-01-02-06.wav,03,02,04,02,01,02,06
17,/content/ravdess/Actor_06/03-02-05-02-01-02-06.wav,03,02,05,02,01,02,06
18,/content/ravdess/Actor_06/03-02-03-01-01-01-06.wav,03,02,03,01,01,01,06
19,/content/ravdess/Actor_06/03-02-06-01-01-01-06.wav,03,02,06,01,01,01,06
20,/content/ravdess/Actor_06/03-02-04-01-01-02-06.wav,03,02,04,01,01,02,06
21,/content/ravdess/Actor_06/03-02-04-02-01-01-06.wav,03,02,04,02,01,01,06
22,/content/ravdess/Actor_06/03-02-06-02-02-02-06.wav,03,02,06,02,02,02,06
23,/content/ravdess/Actor_06/03-02-04-02-02-02-06.wav,03,02,04,02,02,02,06
24,/content/ravdess/Actor_06/03-02-03-02-01-02-06.wav,03,02,03,02,01,02,06
25,/content/ravdess/Actor_06/03-02-06-01-02-02-06.wav,03,02,06,01,02,02,06
26,/content/ravdess/Actor_06/03-02-05-02-02-01-06.wav,03,02,05,02,02,01,06
27,/content/ravdess/Actor_06/03-02-04-01-02-02-06.wav,03,02,04,01,02,02,06
28,/content/ravdess/Actor_06/03-02-03-02-01-01-06.wav,03,02,03,02,01,01,06
29,/content/ravdess/Actor_06/03-02-02-01-01-02-06.wav,03,02,02,01,01,02,06
30,/content/ravdess/Actor_06/03-02-05-02-01-01-06.wav,03,02,05,02,01,01,06
31,/content/ravdess/Actor_06/03-02-05-02-02-02-06.wav,03,02,05,02,02,02,06
32,/content/ravdess/Actor_06/03-02-03-01-01-02-06.wav,03,02,03,01,01,02,06
33,/content/ravdess/Actor_06/03-02-06-02-01-01-06.wav,03,02,06,02,01,01,06
34,/content/ravdess/Actor_06/03-02-04-01-02-01-06.wav,03,02,04,01,02,01,06
35,/content/ravdess/Actor_06/03-02-01-01-01-02-06.wav,03,02,01,01,01,02,06
36,/content/ravdess/Actor_06/03-02-04-01-01-01-06.wav,03,02,04,01,01,01,06
37,/content/ravdess/Actor_06/03-02-02-01-01-01-06.wav,03,02,02,01,01,01,06
38,/content/ravdess/Actor_06/03-02-02-01-02-02-06.wav,03,02,02,01,02,02,06
39,/content/ravdess/Actor_06/03-02-02-02-02-01-06.wav,03,02,02,02,02,01,06
40,/content/ravdess/Actor_06/03-02-05-01-02-01-06.wav,03,02,05,01,02,01,06
41,/content/ravdess/Actor_06/03-02-06-02-01-02-06.wav,03,02,06,02,01,02,06
42,/content/ravdess/Actor_06/03-02-05-01-01-01-06.wav,03,02,05,01,01,01,06
43,/content/ravdess/Actor_06/03-02-03-01-02-02-06.wav,03,02,03,01,02,02,06
44,/content/ravdess/Actor_24/03-02-02-01-02-02-24.wav,03,02,02,01,02,02,24
45,/content/ravdess/Actor_24/03-02-03-02-01-02-24.wav,03,02,03,02,01,02,24
46,/content/ravdess/Actor_24/03-02-01-01-01-01-24.wav,03,02,01,01,01,01,24
47,/content/ravdess/Actor_24/03-02-02-02-02-02-24.wav,03,02,02,02,02,02,24
48,/content/ravdess/Actor_24/03-02-03-01-01-02-24.wav,03,02,03,01,01,02,24
49,/content/ravdess/Actor_24/03-02-04-02-02-01-24.wav,03,02,04,02,02,01,24
50,/content/ravdess/Actor_24/03-02-06-01-01-01-24.wav,03,02,06,01,01,01,24
51,/content/ravdess/Actor_24/03-02-04-02-01-02-24.wav,03,02,04,02,01,02,24
52,/content/ravdess/Actor_24/03-02-04-01-01-02-24.wav,03,02,04,01,01,02,24
53,/content/ravdess/Actor_24/03-02-05-02-02-02-24.wav,03,02,05,02,02,02,24
54,/content/ravdess/Actor_24/03-02-05-02-02-01-24.wav,03,02,05,02,02,01,24
55,/content/ravdess/Actor_24/03-02-02-02-01-02-24.wav,03,02,02,02,01,02,24
56,/content/ravdess/Actor_24/03-02-04-01-01-01-24.wav,03,02,04,01,01,01,24
57,/content/ravdess/Actor_24/03-02-02-01-01-01-24.wav,03,02,02,01,01,01,24
58,/content/ravdess/Actor_24/03-02-04-02-01-01-24.wav,03,02,04,02,01,01,24
59,/content/ravdess/Actor_24/03-02-05-01-02-02-24.wav,03,02,05,01,02,02,24
60,/content/ravdess/Actor_24/03-02-04-02-02-02-24.wav,03,02,04,02,02,02,24
61,/content/ravdess/Actor_24/03-02-06-01-02-01-24.wav,03,02,06,01,02,01,24
62,/content/ravdess/Actor_24/03-02-05-02-01-01-24.wav,03,02,05,02,01,01,24
63,/content/ravdess/Actor_24/03-02-04-01-02-02-24.wav,03,02,04,01,02,02,24
64,/content/ravdess/Actor_24/03-02-02-01-02-01-24.wav,03,02,02,01,02,01,24
65,/content/ravdess/Actor_24/03-02-03-02-01-01-24.wav,03,02,03,02,01,01,24
66,/content/ravdess/Actor_24/03-02-03-01-02-02-24.wav,03,02,03,01,02,02,24
67,/content/ravdess/Actor_24/03-02-01-01-02-01-24.wav,03,02,01,01,02,01,24
68,/content/ravdess/Actor_24/03-02-03-02-02-02-24.wav,03,02,03,02,02,02,24
69,/content/ravdess/Actor_24/03-02-01-01-01-02-24.wav,03,02,01,01,01,02,24
70,/content/ravdess/Actor_24/03-02-03-01-01-01-24.wav,03,02,03,01,01,01,24
71,/content/ravdess/Actor_24/03-02-06-02-02-01-24.wav,03,02,06,02,02,01,24
72,/content/ravdess/Actor_24/03-02-05-01-02-01-24.wav,03,02,05,01,02,01,24
73,/content/ravdess/Actor_24/03-02-06-02-01-01-24.wav,03,02,06,02,01,01,24
74,/content/ravdess/Actor_24/03-02-04-01-02-01-24.wav,03,02,04,01,02,01,24
75,/content/ravdess/Actor_24/03-02-01-01-02-02-24.wav,03,02,01,01,02,02,24
76,/content/ravdess/Actor_24/03-02-03-02-02-01-24.wav,03,02,03,02,02,01,24
77,/content/ravdess/Actor_24/03-02-02-01-01-02-24.wav,03,02,02,01,01,02,24
78,/content/ravdess/Actor_24/03-02-06-02-02-02-24.wav,03,02,06,02,02,02,24
79,/content/ravdess/Actor_24/03-02-03-01-02-01-24.wav,03,02,03,01,02,01,24
80,/content/ravdess/Actor_24/03-02-06-02-01-02-24.wav,03,02,06,02,01,02,24
81,/content/ravdess/Actor_24/03-02-05-02-01-02-24.wav,03,02,05,02,01,02,24
82,/content/ravdess/Actor_24/03-02-02-02-01-01-24.wav,03,02,02,02,01,01,24
83,/content/ravdess/Actor_24/03-02-06-01-02-02-24.wav,03,02,06,01,02,02,24
84,/content/ravdess/Actor_24/03-02-05-01-01-01-24.wav,03,02,05,01,01,01,24
85,/content/ravdess/Actor_24/03-02-02-02-02-01-24.wav,03,02,02,02,02,01,24
86,/content/ravdess/Actor_24/03-02-05-01-01-02-24.wav,03,02,05,01,01,02,24
87,/content/ravdess/Actor_24/03-02-06-01-01-02-24.wav,03,02,06,01,01,02,24
88,/content/ravdess/Actor_16/03-02-05-01-02-02-16.wav,03,02,05,01,02,02,16
89,/content/ravdess/Actor_16/03-02-02-01-02-01-16.wav,03,02,02,01,02,01,16
90,/content/ravdess/Actor_16/03-02-03-01-01-01-16.wav,03,02,03,01,01,01,16
91,/content/ravdess/Actor_16/03-02-04-01-02-02-16.wav,03,02,04,01,02,02,16
92,/content/ravdess/Actor_16/03-02-02-01-01-02-16.wav,03,02,02,01,01,02,16
93,/content/ravdess/Actor_16/03-02-02-02-02-01-16.wav,03,02,02,02,02,01,16
94,/content/ravdess/Actor_16/03-02-03-01-01-02-16.wav,03,02,03,01,01,02,16
95,/content/ravdess/Actor_16/03-02-04-02-01-02-16.wav,03,02,04,02,01,02,16
96,/content/ravdess/Actor_16/03-02-02-01-01-01-16.wav,03,02,02,01,01,01,16
97,/content/ravdess/Actor_16/03-02-02-01-02-02-16.wav,03,02,02,01,02,02,16
98,/content/ravdess/Actor_16/03-02-02-02-01-02-16.wav,03,02,02,02,01,02,16
99,/content/ravdess/Actor_16/03-02-04-01-01-01-16.wav,03,02,04,01,01,01,16
100,/content/ravdess/Actor_16/03-02-03-01-02-02-16.wav,03,02,03,01,02,02,16
101,/content/ravdess/Actor_16/03-02-02-02-01-01-16.wav,03,02,02,02,01,01,16
102,/content/ravdess/Actor_16/03-02-06-02-01-01-16.wav,03,02,06,02,01,01,16
103,/content/ravdess/Actor_16/03-02-04-01-02-01-16.wav,03,02,04,01,02,01,16
104,/content/ravdess/Actor_16/03-02-04-02-02-02-16.wav,03,02,04,02,02,02,16
105,/content/ravdess/Actor_16/03-02-05-01-01-01-16.wav,03,02,05,01,01,01,16
106,/content/ravdess/Actor_16/03-02-01-01-01-01-16.wav,03,02,01,01,01,01,16
107,/content/ravdess/Actor_16/03-02-01-01-02-02-16.wav,03,02,01,01,02,02,16
108,/content/ravdess/Actor_16/03-02-05-02-02-02-16.wav,03,02,05,02,02,02,16
109,/content/ravdess/Actor_16/03-02-06-01-01-01-16.wav,03,02,06,01,01,01,16
110,/content/ravdess/Actor_16/03-02-06-02-01-02-16.wav,03,02,06,02,01,02,16
111,/content/ravdess/Actor_16/03-02-03-02-01-02-16.wav,03,02,03,02,01,02,16
112,/content/ravdess/Actor_16/03-02-04-02-01-01-16.wav,03,02,04,02,01,01,16
113,/content/ravdess/Actor_16/03-02-05-01-02-01-16.wav,03,02,05,01,02,01,16
114,/content/ravdess/Actor_16/03-02-06-02-02-01-16.wav,03,02,06,02,02,01,16
115,/content/ravdess/Actor_16/03-02-03-01-02-01-16.wav,03,02,03,01,02,01,16
116,/content/ravdess/Actor_16/03-02-06-01-01-02-16.wav,03,02,06,01,01,02,16
117,/content/ravdess/Actor_16/03-02-04-02-02-01-16.wav,03,02,04,02,02,01,16
118,/content/ravdess/Actor_16/03-02-06-01-02-02-16.wav,03,02,06,01,02,02,16
119,/content/ravdess/Actor_16/03-02-02-02-02-02-16.wav,03,02,02,02,02,02,16
120,/content/ravdess/Actor_16/03-02-06-02-02-02-16.wav,03,02,06,02,02,02,16
121,/content/ravdess/Actor_16/03-02-05-02-01-01-16.wav,03,02,05,02,01,01,16
122,/content/ravdess/Actor_16/03-02-03-02-02-01-16.wav,03,02,03,02,02,01,16
123,/content/ravdess/Actor_16/03-02-04-01-01-02-16.wav,03,02,04,01,01,02,16
124,/content/ravdess/Actor_16/03-02-05-01-01-02-16.wav,03,02,05,01,01,02,16
125,/content/ravdess/Actor_16/03-02-01-01-01-02-16.wav,03,02,01,01,01,02,16
126,/content/ravdess/Actor_16/03-02-05-02-01-02-16.wav,03,02,05,02,01,02,16
127,/content/ravdess/Actor_16/03-02-03-02-01-01-16.wav,03,02,03,02,01,01,16
128,/content/ravdess/Actor_16/03-02-01-01-02-01-16.wav,03,02,01,01,02,01,16
129,/content/ravdess/Actor_16/03-02-05-02-02-01-16.wav,03,02,05,02,02,01,16
130,/content/ravdess/Actor_16/03-02-03-02-02-02-16.wav,03,02,03,02,02,02,16
131,/content/ravdess/Actor_16/03-02-06-01-02-01-16.wav,03,02,06,01,02,01,16
132,/content/ravdess/Actor_14/03-02-02-01-02-02-14.wav,03,02,02,01,02,02,14
133,/content/ravdess/Actor_14/03-02-05-01-02-01-14.wav,03,02,05,01,02,01,14
134,/content/ravdess/Actor_14/03-02-06-02-01-01-14.wav,03,02,06,02,01,01,14
135,/content/ravdess/Actor_14/03-02-04-01-01-02-14.wav,03,02,04,01,01,02,14
136,/content/ravdess/Actor_14/03-02-03-01-02-01-14.wav,03,02,03,01,02,01,14
137,/content/ravdess/Actor_14/03-02-03-02-01-01-14.wav,03,02,03,02,01,01,14
138,/content/ravdess/Actor_14/03-02-04-02-01-01-14.wav,03,02,04,02,01,01,14
139,/content/ravdess/Actor_14/03-02-02-02-02-01-14.wav,03,02,02,02,02,01,14
140,/content/ravdess/Actor_14/03-02-02-02-01-01-14.wav,03,02,02,02,01,01,14
141,/content/ravdess/Actor_14/03-02-05-02-01-01-14.wav,03,02,05,02,01,01,14
142,/content/ravdess/Actor_14/03-02-03-01-02-02-14.wav,03,02,03,01,02,02,14
143,/content/ravdess/Actor_14/03-02-05-02-02-02-14.wav,03,02,05,02,02,02,14
144,/content/ravdess/Actor_14/03-02-02-01-02-01-14.wav,03,02,02,01,02,01,14
145,/content/ravdess/Actor_14/03-02-06-02-01-02-14.wav,03,02,06,02,01,02,14
146,/content/ravdess/Actor_14/03-02-06-01-01-02-14.wav,03,02,06,01,01,02,14
147,/content/ravdess/Actor_14/03-02-04-02-02-02-14.wav,03,02,04,02,02,02,14
148,/content/ravdess/Actor_14/03-02-04-01-02-02-14.wav,03,02,04,01,02,02,14
149,/content/ravdess/Actor_14/03-02-03-02-02-02-14.wav,03,02,03,02,02,02,14
150,/content/ravdess/Actor_14/03-02-01-01-01-02-14.wav,03,02,01,01,01,02,14
151,/content/ravdess/Actor_14/03-02-02-02-02-02-14.wav,03,02,02,02,02,02,14
152,/content/ravdess/Actor_14/03-02-05-01-02-02-14.wav,03,02,05,01,02,02,14
153,/content/ravdess/Actor_14/03-02-03-02-02-01-14.wav,03,02,03,02,02,01,14
154,/content/ravdess/Actor_14/03-02-01-01-02-01-14.wav,03,02,01,01,02,01,14
155,/content/ravdess/Actor_14/03-02-01-01-02-02-14.wav,03,02,01,01,02,02,14
156,/content/ravdess/Actor_14/03-02-05-02-01-02-14.wav,03,02,05,02,01,02,14
157,/content/ravdess/Actor_14/03-02-06-01-02-01-14.wav,03,02,06,01,02,01,14
158,/content/ravdess/Actor_14/03-02-03-01-01-01-14.wav,03,02,03,01,01,01,14
159,/content/ravdess/Actor_14/03-02-04-01-02-01-14.wav,03,02,04,01,02,01,14
160,/content/ravdess/Actor_14/03-02-06-01-01-01-14.wav,03,02,06,01,01,01,14
161,/content/ravdess/Actor_14/03-02-05-01-01-01-14.wav,03,02,05,01,01,01,14
162,/content/ravdess/Actor_14/03-02-04-01-01-01-14.wav,03,02,04,01,01,01,14
163,/content/ravdess/Actor_14/03-02-04-02-01-02-14.wav,03,02,04,02,01,02,14
164,/content/ravdess/Actor_14/03-02-04-02-02-01-14.wav,03,02,04,02,02,01,14
165,/content/ravdess/Actor_14/03-02-05-02-02-01-14.wav,03,02,05,02,02,01,14
166,/content/ravdess/Actor_14/03-02-06-02-02-01-14.wav,03,02,06,02,02,01,14
167,/content/ravdess/Actor_14/03-02-03-01-01-02-14.wav,03,02,03,01,01,02,14
168,/content/ravdess/Actor_14/03-02-02-02-01-02-14.wav,03,02,02,02,01,02,14
169,/content/ravdess/Actor_14/03-02-02-01-01-02-14.wav,03,02,02,01,01,02,14
170,/content/ravdess/Actor_14/03-02-01-01-01-01-14.wav,03,02,01,01,01,01,14
171,/content/ravdess/Actor_14/03-02-06-01-02-02-14.wav,03,02,06,01,02,02,14
172,/content/ravdess/Actor_14/03-02-02-01-01-01-14.wav,03,02,02,01,01,01,14
173,/content/ravdess/Actor_14/03-02-06-02-02-02-14.wav,03,02,06,02,02,02,14
174,/content/ravdess/Actor_14/03-02-05-01-01-02-14.wav,03,02,05,01,01,02,14
175,/content/ravdess/Actor_14/03-02-03-02-01-02-14.wav,03,02,03,02,01,02,14
176,/content/ravdess/Actor_22/03-02-04-02-02-02-22.wav,03,02,04,02,02,02,22
177,/content/ravdess/Actor_22/03-02-03-02-01-01-22.wav,03,02,03,02,01,01,22
178,/content/ravdess/Actor_22/03-02-02-01-01-02-22.wav,03,02,02,01,01,02,22
179,/content/ravdess/Actor_22/03-02-03-02-02-02-22.wav,03,02,03,02,02,02,22
180,/content/ravdess/Actor_22/03-02-01-01-02-02-22.wav,03,02,01,01,02,02,22
181,/content/ravdess/Actor_22/03-02-02-01-02-02-22.wav,03,02,02,01,02,02,22
182,/content/ravdess/Actor_22/03-02-04-01-02-01-22.wav,03,02,04,01,02,01,22
183,/content/ravdess/Actor_22/03-02-03-01-01-01-22.wav,03,02,03,01,01,01,22
184,/content/ravdess/Actor_22/03-02-06-02-02-01-22.wav,03,02,06,02,02,01,22
185,/content/ravdess/Actor_22/03-02-06-01-02-01-22.wav,03,02,06,01,02,01,22
186,/content/ravdess/Actor_22/03-02-02-01-02-01-22.wav,03,02,02,01,02,01,22
187,/content/ravdess/Actor_22/03-02-01-01-01-01-22.wav,03,02,01,01,01,01,22
188,/content/ravdess/Actor_22/03-02-02-02-01-01-22.wav,03,02,02,02,01,01,22
189,/content/ravdess/Actor_22/03-02-05-01-01-02-22.wav,03,02,05,01,01,02,22
190,/content/ravdess/Actor_22/03-02-03-01-02-02-22.wav,03,02,03,01,02,02,22
191,/content/ravdess/Actor_22/03-02-06-02-01-01-22.wav,03,02,06,02,01,01,22
192,/content/ravdess/Actor_22/03-02-03-02-02-01-22.wav,03,02,03,02,02,01,22
193,/content/ravdess/Actor_22/03-02-03-01-02-01-22.wav,03,02,03,01,02,01,22
194,/content/ravdess/Actor_22/03-02-02-02-02-02-22.wav,03,02,02,02,02,02,22
195,/content/ravdess/Actor_22/03-02-02-02-02-01-22.wav,03,02,02,02,02,01,22
196,/content/ravdess/Actor_22/03-02-05-01-02-01-22.wav,03,02,05,01,02,01,22
197,/content/ravdess/Actor_22/03-02-04-02-01-01-22.wav,03,02,04,02,01,01,22
198,/content/ravdess/Actor_22/03-02-05-02-01-01-22.wav,03,02,05,02,01,01,22
199,/content/ravdess/Actor_22/03-02-02-01-01-01-22.wav,03,02,02,01,01,01,22
200,/content/ravdess/Actor_22/03-02-05-02-02-02-22.wav,03,02,05,02,02,02,22
201,/content/ravdess/Actor_22/03-02-03-02-01-02-22.wav,03,02,03,02,01,02,22
202,/content/ravdess/Actor_22/03-02-04-02-01-02-22.wav,03,02,04,02,01,02,22
203,/content/ravdess/Actor_22/03-02-04-02-02-01-22.wav,03,02,04,02,02,01,22
204,/content/ravdess/Actor_22/03-02-02-02-01-02-22.wav,03,02,02,02,01,02,22
205,/content/ravdess/Actor_22/03-02-06-01-02-02-22.wav,03,02,06,01,02,02,22
206,/content/ravdess/Actor_22/03-02-06-02-02-02-22.wav,03,02,06,02,02,02,22
207,/content/ravdess/Actor_22/03-02-05-02-02-01-22.wav,03,02,05,02,02,01,22
208,/content/ravdess/Actor_22/03-02-03-01-01-02-22.wav,03,02,03,01,01,02,22
209,/content/ravdess/Actor_22/03-02-01-01-02-01-22.wav,03,02,01,01,02,01,22
210,/content/ravdess/Actor_22/03-02-01-01-01-02-22.wav,03,02,01,01,01,02,22
211,/content/ravdess/Actor_22/03-02-05-01-01-01-22.wav,03,02,05,01,01,01,22
212,/content/ravdess/Actor_22/03-02-04-01-01-02-22.wav,03,02,04,01,01,02,22
213,/content/ravdess/Actor_22/03-02-05-02-01-02-22.wav,03,02,05,02,01,02,22
214,/content/ravdess/Actor_22/03-02-06-02-01-02-22.wav,03,02,06,02,01,02,22
215,/content/ravdess/Actor_22/03-02-06-01-01-01-22.wav,03,02,06,01,01,01,22
216,/content/ravdess/Actor_22/03-02-04-01-01-01-22.wav,03,02,04,01,01,01,22
217,/content/ravdess/Actor_22/03-02-05-01-02-02-22.wav,03,02,05,01,02,02,22
218,/content/ravdess/Actor_22/03-02-04-01-02-02-22.wav,03,02,04,01,02,02,22
219,/content/ravdess/Actor_22/03-02-06-01-01-02-22.wav,03,02,06,01,01,02,22
220,/content/ravdess/Actor_01/03-02-06-01-02-01-01.wav,03,02,06,01,02,01,01
221,/content/ravdess/Actor_01/03-02-05-01-02-02-01.wav,03,02,05,01,02,02,01
222,/content/ravdess/Actor_01/03-02-03-02-01-02-01.wav,03,02,03,02,01,02,01
223,/content/ravdess/Actor_01/03-02-05-01-01-01-01.wav,03,02,05,01,01,01,01
224,/content/ravdess/Actor_01/03-02-01-01-02-02-01.wav,03,02,01,01,02,02,01
225,/content/ravdess/Actor_01/03-02-06-02-01-01-01.wav,03,02,06,02,01,01,01
226,/content/ravdess/Actor_01/03-02-02-01-02-02-01.wav,03,02,02,01,02,02,01
227,/content/ravdess/Actor_01/03-02-06-01-01-01-01.wav,03,02,06,01,01,01,01
228,/content/ravdess/Actor_01/03-02-04-02-02-02-01.wav,03,02,04,02,02,02,01
229,/content/ravdess/Actor_01/03-02-05-01-01-02-01.wav,03,02,05,01,01,02,01
230,/content/ravdess/Actor_01/03-02-02-02-01-02-01.wav,03,02,02,02,01,02,01
231,/content/ravdess/Actor_01/03-02-04-01-02-01-01.wav,03,02,04,01,02,01,01
232,/content/ravdess/Actor_01/03-02-03-02-02-01-01.wav,03,02,03,02,02,01,01
233,/content/ravdess/Actor_01/03-02-03-02-02-02-01.wav,03,02,03,02,02,02,01
234,/content/ravdess/Actor_01/03-02-01-01-01-01-01.wav,03,02,01,01,01,01,01
235,/content/ravdess/Actor_01/03-02-04-01-02-02-01.wav,03,02,04,01,02,02,01
236,/content/ravdess/Actor_01/03-02-03-02-01-01-01.wav,03,02,03,02,01,01,01
237,/content/ravdess/Actor_01/03-02-06-01-01-02-01.wav,03,02,06,01,01,02,01
238,/content/ravdess/Actor_01/03-02-04-02-01-01-01.wav,03,02,04,02,01,01,01
239,/content/ravdess/Actor_01/03-02-02-01-02-01-01.wav,03,02,02,01,02,01,01
240,/content/ravdess/Actor_01/03-02-05-02-02-01-01.wav,03,02,05,02,02,01,01
241,/content/ravdess/Actor_01/03-02-02-02-02-01-01.wav,03,02,02,02,02,01,01
242,/content/ravdess/Actor_01/03-02-04-02-01-02-01.wav,03,02,04,02,01,02,01
243,/content/ravdess/Actor_01/03-02-02-01-01-02-01.wav,03,02,02,01,01,02,01
244,/content/ravdess/Actor_01/03-02-06-02-01-02-01.wav,03,02,06,02,01,02,01
245,/content/ravdess/Actor_01/03-02-04-02-02-01-01.wav,03,02,04,02,02,01,01
246,/content/ravdess/Actor_01/03-02-01-01-02-01-01.wav,03,02,01,01,02,01,01
247,/content/ravdess/Actor_01/03-02-04-01-01-01-01.wav,03,02,04,01,01,01,01
248,/content/ravdess/Actor_01/03-02-05-02-02-02-01.wav,03,02,05,02,02,02,01
249,/content/ravdess/Actor_01/03-02-04-01-01-02-01.wav,03,02,04,01,01,02,01
250,/content/ravdess/Actor_01/03-02-06-02-02-01-01.wav,03,02,06,02,02,01,01
251,/content/ravdess/Actor_01/03-02-02-02-02-02-01.wav,03,02,02,02,02,02,01
252,/content/ravdess/Actor_01/03-02-03-01-01-02-01.wav,03,02,03,01,01,02,01
253,/content/ravdess/Actor_01/03-02-05-01-02-01-01.wav,03,02,05,01,02,01,01
254,/content/ravdess/Actor_01/03-02-06-01-02-02-01.wav,03,02,06,01,02,02,01
255,/content/ravdess/Actor_01/03-02-02-01-01-01-01.wav,03,02,02,01,01,01,01
256,/content/ravdess/Actor_01/03-02-03-01-02-02-01.wav,03,02,03,01,02,02,01
257,/content/ravdess/Actor_01/03-02-06-02-02-02-01.wav,03,02,06,02,02,02,01
258,/content/ravdess/Actor_01/03-02-03-01-01-01-01.wav,03,02,03,01,01,01,01
259,/content/ravdess/Actor_01/03-02-05-02-01-02-01.wav,03,02,05,02,01,02,01
260,/content/ravdess/Actor_01/03-02-05-02-01-01-01.wav,03,02,05,02,01,01,01
261,/content/ravdess/Actor_01/03-02-02-02-01-01-01.wav,03,02,02,02,01,01,01
262,/content/ravdess/Actor_01/03-02-01-01-01-02-01.wav,03,02,01,01,01,02,01
263,/content/ravdess/Actor_01/03-02-03-01-02-01-01.wav,03,02,03,01,02,01,01
264,/content/ravdess/Actor_13/03-02-06-02-02-01-13.wav,03,02,06,02,02,01,13
265,/content/ravdess/Actor_13/03-02-02-01-01-02-13.wav,03,02,02,01,01,02,13
266,/content/ravdess/Actor_13/03-02-03-01-02-02-13.wav,03,02,03,01,02,02,13
267,/content/ravdess/Actor_13/03-02-04-01-02-02-13.wav,03,02,04,01,02,02,13
268,/content/ravdess/Actor_13/03-02-01-01-01-01-13.wav,03,02,01,01,01,01,13
269,/content/ravdess/Actor_13/03-02-01-01-02-01-13.wav,03,02,01,01,02,01,13
270,/content/ravdess/Actor_13/03-02-02-02-02-01-13.wav,03,02,02,02,02,01,13
271,/content/ravdess/Actor_13/03-02-02-01-02-02-13.wav,03,02,02,01,02,02,13
272,/content/ravdess/Actor_13/03-02-05-02-01-01-13.wav,03,02,05,02,01,01,13
273,/content/ravdess/Actor_13/03-02-02-02-01-01-13.wav,03,02,02,02,01,01,13
274,/content/ravdess/Actor_13/03-02-06-01-01-02-13.wav,03,02,06,01,01,02,13
275,/content/ravdess/Actor_13/03-02-05-01-01-02-13.wav,03,02,05,01,01,02,13
276,/content/ravdess/Actor_13/03-02-04-01-01-02-13.wav,03,02,04,01,01,02,13
277,/content/ravdess/Actor_13/03-02-02-02-02-02-13.wav,03,02,02,02,02,02,13
278,/content/ravdess/Actor_13/03-02-03-02-02-01-13.wav,03,02,03,02,02,01,13
279,/content/ravdess/Actor_13/03-02-05-02-02-01-13.wav,03,02,05,02,02,01,13
280,/content/ravdess/Actor_13/03-02-03-01-02-01-13.wav,03,02,03,01,02,01,13
281,/content/ravdess/Actor_13/03-02-03-01-01-01-13.wav,03,02,03,01,01,01,13
282,/content/ravdess/Actor_13/03-02-04-02-02-01-13.wav,03,02,04,02,02,01,13
283,/content/ravdess/Actor_13/03-02-04-02-01-01-13.wav,03,02,04,02,01,01,13
284,/content/ravdess/Actor_13/03-02-06-01-02-01-13.wav,03,02,06,01,02,01,13
285,/content/ravdess/Actor_13/03-02-02-02-01-02-13.wav,03,02,02,02,01,02,13
286,/content/ravdess/Actor_13/03-02-06-02-01-02-13.wav,03,02,06,02,01,02,13
287,/content/ravdess/Actor_13/03-02-05-01-02-02-13.wav,03,02,05,01,02,02,13
288,/content/ravdess/Actor_13/03-02-06-01-02-02-13.wav,03,02,06,01,02,02,13
289,/content/ravdess/Actor_13/03-02-04-01-01-01-13.wav,03,02,04,01,01,01,13
290,/content/ravdess/Actor_13/03-02-02-01-01-01-13.wav,03,02,02,01,01,01,13
291,/content/ravdess/Actor_13/03-02-06-01-01-01-13.wav,03,02,06,01,01,01,13
292,/content/ravdess/Actor_13/03-02-04-02-01-02-13.wav,03,02,04,02,01,02,13
293,/content/ravdess/Actor_13/03-02-05-02-02-02-13.wav,03,02,05,02,02,02,13
294,/content/ravdess/Actor_13/03-02-05-02-01-02-13.wav,03,02,05,02,01,02,13
295,/content/ravdess/Actor_13/03-02-05-01-02-01-13.wav,03,02,05,01,02,01,13
296,/content/ravdess/Actor_13/03-02-05-01-01-01-13.wav,03,02,05,01,01,01,13
297,/content/ravdess/Actor_13/03-02-04-02-02-02-13.wav,03,02,04,02,02,02,13
298,/content/ravdess/Actor_13/03-02-06-02-02-02-13.wav,03,02,06,02,02,02,13
299,/content/ravdess/Actor_13/03-02-03-02-01-02-13.wav,03,02,03,02,01,02,13
300,/content/ravdess/Actor_13/03-02-03-02-02-02-13.wav,03,02,03,02,02,02,13
301,/content/ravdess/Actor_13/03-02-04-01-02-01-13.wav,03,02,04,01,02,01,13
302,/content/ravdess/Actor_13/03-02-03-01-01-02-13.wav,03,02,03,01,01,02,13
303,/content/ravdess/Actor_13/03-02-06-02-01-01-13.wav,03,02,06,02,01,01,13
304,/content/ravdess/Actor_13/03-02-01-01-02-02-13.wav,03,02,01,01,02,02,13
305,/content/ravdess/Actor_13/03-02-01-01-01-02-13.wav,03,02,01,01,01,02,13
306,/content/ravdess/Actor_13/03-02-03-02-01-01-13.wav,03,02,03,02,01,01,13
307,/content/ravdess/Actor_13/03-02-02-01-02-01-13.wav,03,02,02,01,02,01,13
308,/content/ravdess/Actor_09/03-02-04-01-02-01-09.wav,03,02,04,01,02,01,09
309,/content/ravdess/Actor_09/03-02-06-02-02-02-09.wav,03,02,06,02,02,02,09
310,/content/ravdess/Actor_09/03-02-02-01-02-01-09.wav,03,02,02,01,02,01,09
311,/content/ravdess/Actor_09/03-02-06-01-02-01-09.wav,03,02,06,01,02,01,09
312,/content/ravdess/Actor_09/03-02-03-01-02-01-09.wav,03,02,03,01,02,01,09
313,/content/ravdess/Actor_09/03-02-04-01-02-02-09.wav,03,02,04,01,02,02,09
314,/content/ravdess/Actor_09/03-02-03-01-01-01-09.wav,03,02,03,01,01,01,09
315,/content/ravdess/Actor_09/03-02-02-01-01-01-09.wav,03,02,02,01,01,01,09
316,/content/ravdess/Actor_09/03-02-02-02-02-01-09.wav,03,02,02,02,02,01,09
317,/content/ravdess/Actor_09/03-02-02-01-01-02-09.wav,03,02,02,01,01,02,09
318,/content/ravdess/Actor_09/03-02-03-02-02-02-09.wav,03,02,03,02,02,02,09
319,/content/ravdess/Actor_09/03-02-05-01-02-02-09.wav,03,02,05,01,02,02,09
320,/content/ravdess/Actor_09/03-02-04-02-01-01-09.wav,03,02,04,02,01,01,09
321,/content/ravdess/Actor_09/03-02-05-02-01-01-09.wav,03,02,05,02,01,01,09
322,/content/ravdess/Actor_09/03-02-06-01-02-02-09.wav,03,02,06,01,02,02,09
323,/content/ravdess/Actor_09/03-02-03-02-02-01-09.wav,03,02,03,02,02,01,09
324,/content/ravdess/Actor_09/03-02-06-02-02-01-09.wav,03,02,06,02,02,01,09
325,/content/ravdess/Actor_09/03-02-02-01-02-02-09.wav,03,02,02,01,02,02,09
326,/content/ravdess/Actor_09/03-02-04-02-02-02-09.wav,03,02,04,02,02,02,09
327,/content/ravdess/Actor_09/03-02-04-01-01-01-09.wav,03,02,04,01,01,01,09
328,/content/ravdess/Actor_09/03-02-05-01-01-02-09.wav,03,02,05,01,01,02,09
329,/content/ravdess/Actor_09/03-02-02-02-02-02-09.wav,03,02,02,02,02,02,09
330,/content/ravdess/Actor_09/03-02-05-02-02-02-09.wav,03,02,05,02,02,02,09
331,/content/ravdess/Actor_09/03-02-06-02-01-02-09.wav,03,02,06,02,01,02,09
332,/content/ravdess/Actor_09/03-02-06-01-01-02-09.wav,03,02,06,01,01,02,09
333,/content/ravdess/Actor_09/03-02-02-02-01-01-09.wav,03,02,02,02,01,01,09
334,/content/ravdess/Actor_09/03-02-03-02-01-01-09.wav,03,02,03,02,01,01,09
335,/content/ravdess/Actor_09/03-02-04-01-01-02-09.wav,03,02,04,01,01,02,09
336,/content/ravdess/Actor_09/03-02-02-02-01-02-09.wav,03,02,02,02,01,02,09
337,/content/ravdess/Actor_09/03-02-03-02-01-02-09.wav,03,02,03,02,01,02,09
338,/content/ravdess/Actor_09/03-02-04-02-01-02-09.wav,03,02,04,02,01,02,09
339,/content/ravdess/Actor_09/03-02-05-02-01-02-09.wav,03,02,05,02,01,02,09
340,/content/ravdess/Actor_09/03-02-05-02-02-01-09.wav,03,02,05,02,02,01,09
341,/content/ravdess/Actor_09/03-02-06-02-01-01-09.wav,03,02,06,02,01,01,09
342,/content/ravdess/Actor_09/03-02-01-01-01-02-09.wav,03,02,01,01,01,02,09
343,/content/ravdess/Actor_09/03-02-06-01-01-01-09.wav,03,02,06,01,01,01,09
344,/content/ravdess/Actor_09/03-02-01-01-02-01-09.wav,03,02,01,01,02,01,09
345,/content/ravdess/Actor_09/03-02-01-01-02-02-09.wav,03,02,01,01,02,02,09
346,/content/ravdess/Actor_09/03-02-04-02-02-01-09.wav,03,02,04,02,02,01,09
347,/content/ravdess/Actor_09/03-02-03-01-01-02-09.wav,03,02,03,01,01,02,09
348,/content/ravdess/Actor_09/03-02-05-01-02-01-09.wav,03,02,05,01,02,01,09
349,/content/ravdess/Actor_09/03-02-03-01-02-02-09.wav,03,02,03,01,02,02,09
350,/content/ravdess/Actor_09/03-02-01-01-01-01-09.wav,03,02,01,01,01,01,09
351,/content/ravdess/Actor_09/03-02-05-01-01-01-09.wav,03,02,05,01,01,01,09
352,/content/ravdess/Actor_10/03-02-06-02-02-01-10.wav,03,02,06,02,02,01,10
353,/content/ravdess/Actor_10/03-02-05-02-02-02-10.wav,03,02,05,02,02,02,10
354,/content/ravdess/Actor_10/03-02-06-01-01-01-10.wav,03,02,06,01,01,01,10
355,/content/ravdess/Actor_10/03-02-03-01-02-02-10.wav,03,02,03,01,02,02,10
356,/content/ravdess/Actor_10/03-02-05-01-02-02-10.wav,03,02,05,01,02,02,10
357,/content/ravdess/Actor_10/03-02-02-01-02-02-10.wav,03,02,02,01,02,02,10
358,/content/ravdess/Actor_10/03-02-04-01-01-02-10.wav,03,02,04,01,01,02,10
359,/content/ravdess/Actor_10/03-02-01-01-02-02-10.wav,03,02,01,01,02,02,10
360,/content/ravdess/Actor_10/03-02-06-01-02-01-10.wav,03,02,06,01,02,01,10
361,/content/ravdess/Actor_10/03-02-04-01-02-01-10.wav,03,02,04,01,02,01,10
362,/content/ravdess/Actor_10/03-02-03-01-01-01-10.wav,03,02,03,01,01,01,10
363,/content/ravdess/Actor_10/03-02-05-01-01-01-10.wav,03,02,05,01,01,01,10
364,/content/ravdess/Actor_10/03-02-01-01-01-02-10.wav,03,02,01,01,01,02,10
365,/content/ravdess/Actor_10/03-02-06-01-01-02-10.wav,03,02,06,01,01,02,10
366,/content/ravdess/Actor_10/03-02-03-01-02-01-10.wav,03,02,03,01,02,01,10
367,/content/ravdess/Actor_10/03-02-06-02-02-02-10.wav,03,02,06,02,02,02,10
368,/content/ravdess/Actor_10/03-02-03-02-02-01-10.wav,03,02,03,02,02,01,10
369,/content/ravdess/Actor_10/03-02-04-02-01-01-10.wav,03,02,04,02,01,01,10
370,/content/ravdess/Actor_10/03-02-02-02-02-02-10.wav,03,02,02,02,02,02,10
371,/content/ravdess/Actor_10/03-02-05-02-02-01-10.wav,03,02,05,02,02,01,10
372,/content/ravdess/Actor_10/03-02-04-01-02-02-10.wav,03,02,04,01,02,02,10
373,/content/ravdess/Actor_10/03-02-03-02-01-01-10.wav,03,02,03,02,01,01,10
374,/content/ravdess/Actor_10/03-02-05-01-02-01-10.wav,03,02,05,01,02,01,10
375,/content/ravdess/Actor_10/03-02-01-01-01-01-10.wav,03,02,01,01,01,01,10
376,/content/ravdess/Actor_10/03-02-06-02-01-02-10.wav,03,02,06,02,01,02,10
377,/content/ravdess/Actor_10/03-02-02-01-02-01-10.wav,03,02,02,01,02,01,10
378,/content/ravdess/Actor_10/03-02-02-01-01-01-10.wav,03,02,02,01,01,01,10
379,/content/ravdess/Actor_10/03-02-03-02-01-02-10.wav,03,02,03,02,01,02,10
380,/content/ravdess/Actor_10/03-02-06-01-02-02-10.wav,03,02,06,01,02,02,10
381,/content/ravdess/Actor_10/03-02-05-01-01-02-10.wav,03,02,05,01,01,02,10
382,/content/ravdess/Actor_10/03-02-03-02-02-02-10.wav,03,02,03,02,02,02,10
383,/content/ravdess/Actor_10/03-02-03-01-01-02-10.wav,03,02,03,01,01,02,10
384,/content/ravdess/Actor_10/03-02-02-02-01-01-10.wav,03,02,02,02,01,01,10
385,/content/ravdess/Actor_10/03-02-02-01-01-02-10.wav,03,02,02,01,01,02,10
386,/content/ravdess/Actor_10/03-02-01-01-02-01-10.wav,03,02,01,01,02,01,10
387,/content/ravdess/Actor_10/03-02-02-02-01-02-10.wav,03,02,02,02,01,02,10
388,/content/ravdess/Actor_10/03-02-04-02-01-02-10.wav,03,02,04,02,01,02,10
389,/content/ravdess/Actor_10/03-02-06-02-01-01-10.wav,03,02,06,02,01,01,10
390,/content/ravdess/Actor_10/03-02-04-01-01-01-10.wav,03,02,04,01,01,01,10
391,/content/ravdess/Actor_10/03-02-04-02-02-02-10.wav,03,02,04,02,02,02,10
392,/content/ravdess/Actor_10/03-02-04-02-02-01-10.wav,03,02,04,02,02,01,10
393,/content/ravdess/Actor_10/03-02-05-02-01-01-10.wav,03,02,05,02,01,01,10
394,/content/ravdess/Actor_10/03-02-05-02-01-02-10.wav,03,02,05,02,01,02,10
395,/content/ravdess/Actor_10/03-02-02-02-02-01-10.wav,03,02,02,02,02,01,10
396,/content/ravdess/Actor_12/03-02-06-01-02-02-12.wav,03,02,06,01,02,02,12
397,/content/ravdess/Actor_12/03-02-02-01-01-01-12.wav,03,02,02,01,01,01,12
398,/content/ravdess/Actor_12/03-02-03-02-02-02-12.wav,03,02,03,02,02,02,12
399,/content/ravdess/Actor_12/03-02-06-01-01-01-12.wav,03,02,06,01,01,01,12
400,/content/ravdess/Actor_12/03-02-03-02-02-01-12.wav,03,02,03,02,02,01,12
401,/content/ravdess/Actor_12/03-02-03-01-01-02-12.wav,03,02,03,01,01,02,12
402,/content/ravdess/Actor_12/03-02-02-02-01-01-12.wav,03,02,02,02,01,01,12
403,/content/ravdess/Actor_12/03-02-04-01-01-02-12.wav,03,02,04,01,01,02,12
404,/content/ravdess/Actor_12/03-02-06-01-01-02-12.wav,03,02,06,01,01,02,12
405,/content/ravdess/Actor_12/03-02-06-02-02-01-12.wav,03,02,06,02,02,01,12
406,/content/ravdess/Actor_12/03-02-02-02-02-02-12.wav,03,02,02,02,02,02,12
407,/content/ravdess/Actor_12/03-02-03-01-02-01-12.wav,03,02,03,01,02,01,12
408,/content/ravdess/Actor_12/03-02-05-01-01-02-12.wav,03,02,05,01,01,02,12
409,/content/ravdess/Actor_12/03-02-01-01-01-02-12.wav,03,02,01,01,01,02,12
410,/content/ravdess/Actor_12/03-02-05-02-01-02-12.wav,03,02,05,02,01,02,12
411,/content/ravdess/Actor_12/03-02-06-02-01-01-12.wav,03,02,06,02,01,01,12
412,/content/ravdess/Actor_12/03-02-05-01-02-02-12.wav,03,02,05,01,02,02,12
413,/content/ravdess/Actor_12/03-02-02-01-01-02-12.wav,03,02,02,01,01,02,12
414,/content/ravdess/Actor_12/03-02-04-02-01-01-12.wav,03,02,04,02,01,01,12
415,/content/ravdess/Actor_12/03-02-02-02-02-01-12.wav,03,02,02,02,02,01,12
416,/content/ravdess/Actor_12/03-02-01-01-02-01-12.wav,03,02,01,01,02,01,12
417,/content/ravdess/Actor_12/03-02-03-01-02-02-12.wav,03,02,03,01,02,02,12
418,/content/ravdess/Actor_12/03-02-04-01-02-01-12.wav,03,02,04,01,02,01,12
419,/content/ravdess/Actor_12/03-02-03-02-01-02-12.wav,03,02,03,02,01,02,12
420,/content/ravdess/Actor_12/03-02-05-02-02-01-12.wav,03,02,05,02,02,01,12
421,/content/ravdess/Actor_12/03-02-05-01-02-01-12.wav,03,02,05,01,02,01,12
422,/content/ravdess/Actor_12/03-02-05-02-01-01-12.wav,03,02,05,02,01,01,12
423,/content/ravdess/Actor_12/03-02-05-02-02-02-12.wav,03,02,05,02,02,02,12
424,/content/ravdess/Actor_12/03-02-01-01-02-02-12.wav,03,02,01,01,02,02,12
425,/content/ravdess/Actor_12/03-02-02-01-02-02-12.wav,03,02,02,01,02,02,12
426,/content/ravdess/Actor_12/03-02-05-01-01-01-12.wav,03,02,05,01,01,01,12
427,/content/ravdess/Actor_12/03-02-06-01-02-01-12.wav,03,02,06,01,02,01,12
428,/content/ravdess/Actor_12/03-02-03-01-01-01-12.wav,03,02,03,01,01,01,12
429,/content/ravdess/Actor_12/03-02-06-02-01-02-12.wav,03,02,06,02,01,02,12
430,/content/ravdess/Actor_12/03-02-04-01-01-01-12.wav,03,02,04,01,01,01,12
431,/content/ravdess/Actor_12/03-02-03-02-01-01-12.wav,03,02,03,02,01,01,12
432,/content/ravdess/Actor_12/03-02-02-02-01-02-12.wav,03,02,02,02,01,02,12
433,/content/ravdess/Actor_12/03-02-06-02-02-02-12.wav,03,02,06,02,02,02,12
434,/content/ravdess/Actor_12/03-02-04-02-02-02-12.wav,03,02,04,02,02,02,12
435,/content/ravdess/Actor_12/03-02-01-01-01-01-12.wav,03,02,01,01,01,01,12
436,/content/ravdess/Actor_12/03-02-04-01-02-02-12.wav,03,02,04,01,02,02,12
437,/content/ravdess/Actor_12/03-02-04-02-01-02-12.wav,03,02,04,02,01,02,12
438,/content/ravdess/Actor_12/03-02-04-02-02-01-12.wav,03,02,04,02,02,01,12
439,/content/ravdess/Actor_12/03-02-02-01-02-01-12.wav,03,02,02,01,02,01,12
440,/content/ravdess/Actor_03/03-02-04-01-01-01-03.wav,03,02,04,01,01,01,03
441,/content/ravdess/Actor_03/03-02-05-01-01-02-03.wav,03,02,05,01,01,02,03
442,/content/ravdess/Actor_03/03-02-04-02-02-01-03.wav,03,02,04,02,02,01,03
443,/content/ravdess/Actor_03/03-02-06-02-02-01-03.wav,03,02,06,02,02,01,03
444,/content/ravdess/Actor_03/03-02-05-01-02-02-03.wav,03,02,05,01,02,02,03
445,/content/ravdess/Actor_03/03-02-02-02-02-02-03.wav,03,02,02,02,02,02,03
446,/content/ravdess/Actor_03/03-02-05-02-01-01-03.wav,03,02,05,02,01,01,03
447,/content/ravdess/Actor_03/03-02-05-02-01-02-03.wav,03,02,05,02,01,02,03
448,/content/ravdess/Actor_03/03-02-06-01-01-02-03.wav,03,02,06,01,01,02,03
449,/content/ravdess/Actor_03/03-02-03-02-02-02-03.wav,03,02,03,02,02,02,03
450,/content/ravdess/Actor_03/03-02-06-01-01-01-03.wav,03,02,06,01,01,01,03
451,/content/ravdess/Actor_03/03-02-05-01-02-01-03.wav,03,02,05,01,02,01,03
452,/content/ravdess/Actor_03/03-02-02-01-02-02-03.wav,03,02,02,01,02,02,03
453,/content/ravdess/Actor_03/03-02-03-02-02-01-03.wav,03,02,03,02,02,01,03
454,/content/ravdess/Actor_03/03-02-02-01-01-01-03.wav,03,02,02,01,01,01,03
455,/content/ravdess/Actor_03/03-02-06-02-01-02-03.wav,03,02,06,02,01,02,03
456,/content/ravdess/Actor_03/03-02-01-01-02-01-03.wav,03,02,01,01,02,01,03
457,/content/ravdess/Actor_03/03-02-02-01-01-02-03.wav,03,02,02,01,01,02,03
458,/content/ravdess/Actor_03/03-02-01-01-01-02-03.wav,03,02,01,01,01,02,03
459,/content/ravdess/Actor_03/03-02-02-01-02-01-03.wav,03,02,02,01,02,01,03
460,/content/ravdess/Actor_03/03-02-03-02-01-01-03.wav,03,02,03,02,01,01,03
461,/content/ravdess/Actor_03/03-02-04-02-01-01-03.wav,03,02,04,02,01,01,03
462,/content/ravdess/Actor_03/03-02-03-01-02-02-03.wav,03,02,03,01,02,02,03
463,/content/ravdess/Actor_03/03-02-06-02-01-01-03.wav,03,02,06,02,01,01,03
464,/content/ravdess/Actor_03/03-02-01-01-02-02-03.wav,03,02,01,01,02,02,03
465,/content/ravdess/Actor_03/03-02-01-01-01-01-03.wav,03,02,01,01,01,01,03
466,/content/ravdess/Actor_03/03-02-04-02-02-02-03.wav,03,02,04,02,02,02,03
467,/content/ravdess/Actor_03/03-02-03-01-01-01-03.wav,03,02,03,01,01,01,03
468,/content/ravdess/Actor_03/03-02-02-02-01-01-03.wav,03,02,02,02,01,01,03
469,/content/ravdess/Actor_03/03-02-04-01-01-02-03.wav,03,02,04,01,01,02,03
470,/content/ravdess/Actor_03/03-02-05-02-02-02-03.wav,03,02,05,02,02,02,03
471,/content/ravdess/Actor_03/03-02-05-01-01-01-03.wav,03,02,05,01,01,01,03
472,/content/ravdess/Actor_03/03-02-03-01-01-02-03.wav,03,02,03,01,01,02,03
473,/content/ravdess/Actor_03/03-02-04-02-01-02-03.wav,03,02,04,02,01,02,03
474,/content/ravdess/Actor_03/03-02-02-02-02-01-03.wav,03,02,02,02,02,01,03
475,/content/ravdess/Actor_03/03-02-04-01-02-01-03.wav,03,02,04,01,02,01,03
476,/content/ravdess/Actor_03/03-02-02-02-01-02-03.wav,03,02,02,02,01,02,03
477,/content/ravdess/Actor_03/03-02-03-02-01-02-03.wav,03,02,03,02,01,02,03
478,/content/ravdess/Actor_03/03-02-06-01-02-02-03.wav,03,02,06,01,02,02,03
479,/content/ravdess/Actor_03/03-02-05-02-02-01-03.wav,03,02,05,02,02,01,03
480,/content/ravdess/Actor_03/03-02-03-01-02-01-03.wav,03,02,03,01,02,01,03
481,/content/ravdess/Actor_03/03-02-06-02-02-02-03.wav,03,02,06,02,02,02,03
482,/content/ravdess/Actor_03/03-02-06-01-02-01-03.wav,03,02,06,01,02,01,03
483,/content/ravdess/Actor_03/03-02-04-01-02-02-03.wav,03,02,04,01,02,02,03
484,/content/ravdess/Actor_05/03-02-05-01-01-02-05.wav,03,02,05,01,01,02,05
485,/content/ravdess/Actor_05/03-02-02-01-01-02-05.wav,03,02,02,01,01,02,05
486,/content/ravdess/Actor_05/03-02-05-01-02-01-05.wav,03,02,05,01,02,01,05
487,/content/ravdess/Actor_05/03-02-06-01-02-02-05.wav,03,02,06,01,02,02,05
488,/content/ravdess/Actor_05/03-02-02-01-02-02-05.wav,03,02,02,01,02,02,05
489,/content/ravdess/Actor_05/03-02-03-01-02-01-05.wav,03,02,03,01,02,01,05
490,/content/ravdess/Actor_05/03-02-03-01-01-01-05.wav,03,02,03,01,01,01,05
491,/content/ravdess/Actor_05/03-02-05-02-01-01-05.wav,03,02,05,02,01,01,05
492,/content/ravdess/Actor_05/03-02-05-01-02-02-05.wav,03,02,05,01,02,02,05
493,/content/ravdess/Actor_05/03-02-01-01-01-01-05.wav,03,02,01,01,01,01,05
494,/content/ravdess/Actor_05/03-02-06-01-01-02-05.wav,03,02,06,01,01,02,05
495,/content/ravdess/Actor_05/03-02-02-02-01-01-05.wav,03,02,02,02,01,01,05
496,/content/ravdess/Actor_05/03-02-05-01-01-01-05.wav,03,02,05,01,01,01,05
497,/content/ravdess/Actor_05/03-02-06-02-01-02-05.wav,03,02,06,02,01,02,05
498,/content/ravdess/Actor_05/03-02-04-02-02-01-05.wav,03,02,04,02,02,01,05
499,/content/ravdess/Actor_05/03-02-02-02-02-01-05.wav,03,02,02,02,02,01,05
500,/content/ravdess/Actor_05/03-02-01-01-02-02-05.wav,03,02,01,01,02,02,05
501,/content/ravdess/Actor_05/03-02-03-02-01-01-05.wav,03,02,03,02,01,01,05
502,/content/ravdess/Actor_05/03-02-06-02-02-01-05.wav,03,02,06,02,02,01,05
503,/content/ravdess/Actor_05/03-02-02-01-02-01-05.wav,03,02,02,01,02,01,05
504,/content/ravdess/Actor_05/03-02-01-01-01-02-05.wav,03,02,01,01,01,02,05
505,/content/ravdess/Actor_05/03-02-04-01-02-01-05.wav,03,02,04,01,02,01,05
506,/content/ravdess/Actor_05/03-02-04-01-01-02-05.wav,03,02,04,01,01,02,05
507,/content/ravdess/Actor_05/03-02-04-01-02-02-05.wav,03,02,04,01,02,02,05
508,/content/ravdess/Actor_05/03-02-04-01-01-01-05.wav,03,02,04,01,01,01,05
509,/content/ravdess/Actor_05/03-02-02-02-01-02-05.wav,03,02,02,02,01,02,05
510,/content/ravdess/Actor_05/03-02-03-02-01-02-05.wav,03,02,03,02,01,02,05
511,/content/ravdess/Actor_05/03-02-05-02-01-02-05.wav,03,02,05,02,01,02,05
512,/content/ravdess/Actor_05/03-02-06-01-01-01-05.wav,03,02,06,01,01,01,05
513,/content/ravdess/Actor_05/03-02-03-02-02-02-05.wav,03,02,03,02,02,02,05
514,/content/ravdess/Actor_05/03-02-04-02-02-02-05.wav,03,02,04,02,02,02,05
515,/content/ravdess/Actor_05/03-02-06-02-02-02-05.wav,03,02,06,02,02,02,05
516,/content/ravdess/Actor_05/03-02-06-02-01-01-05.wav,03,02,06,02,01,01,05
517,/content/ravdess/Actor_05/03-02-03-02-02-01-05.wav,03,02,03,02,02,01,05
518,/content/ravdess/Actor_05/03-02-02-01-01-01-05.wav,03,02,02,01,01,01,05
519,/content/ravdess/Actor_05/03-02-05-02-02-01-05.wav,03,02,05,02,02,01,05
520,/content/ravdess/Actor_05/03-02-06-01-02-01-05.wav,03,02,06,01,02,01,05
521,/content/ravdess/Actor_05/03-02-03-01-01-02-05.wav,03,02,03,01,01,02,05
522,/content/ravdess/Actor_05/03-02-04-02-01-01-05.wav,03,02,04,02,01,01,05
523,/content/ravdess/Actor_05/03-02-03-01-02-02-05.wav,03,02,03,01,02,02,05
524,/content/ravdess/Actor_05/03-02-02-02-02-02-05.wav,03,02,02,02,02,02,05
525,/content/ravdess/Actor_05/03-02-05-02-02-02-05.wav,03,02,05,02,02,02,05
526,/content/ravdess/Actor_05/03-02-04-02-01-02-05.wav,03,02,04,02,01,02,05
527,/content/ravdess/Actor_05/03-02-01-01-02-01-05.wav,03,02,01,01,02,01,05
528,/content/ravdess/Actor_15/03-02-03-01-01-02-15.wav,03,02,03,01,01,02,15
529,/content/ravdess/Actor_15/03-02-01-01-02-01-15.wav,03,02,01,01,02,01,15
530,/content/ravdess/Actor_15/03-02-02-02-01-01-15.wav,03,02,02,02,01,01,15
531,/content/ravdess/Actor_15/03-02-04-01-01-02-15.wav,03,02,04,01,01,02,15
532,/content/ravdess/Actor_15/03-02-06-01-01-01-15.wav,03,02,06,01,01,01,15
533,/content/ravdess/Actor_15/03-02-03-02-01-02-15.wav,03,02,03,02,01,02,15
534,/content/ravdess/Actor_15/03-02-04-02-01-02-15.wav,03,02,04,02,01,02,15
535,/content/ravdess/Actor_15/03-02-03-01-02-01-15.wav,03,02,03,01,02,01,15
536,/content/ravdess/Actor_15/03-02-05-02-01-02-15.wav,03,02,05,02,01,02,15
537,/content/ravdess/Actor_15/03-02-03-02-01-01-15.wav,03,02,03,02,01,01,15
538,/content/ravdess/Actor_15/03-02-05-02-02-02-15.wav,03,02,05,02,02,02,15
539,/content/ravdess/Actor_15/03-02-02-02-01-02-15.wav,03,02,02,02,01,02,15
540,/content/ravdess/Actor_15/03-02-02-01-01-01-15.wav,03,02,02,01,01,01,15
541,/content/ravdess/Actor_15/03-02-01-01-01-02-15.wav,03,02,01,01,01,02,15
542,/content/ravdess/Actor_15/03-02-06-02-02-02-15.wav,03,02,06,02,02,02,15
543,/content/ravdess/Actor_15/03-02-04-01-02-01-15.wav,03,02,04,01,02,01,15
544,/content/ravdess/Actor_15/03-02-04-01-02-02-15.wav,03,02,04,01,02,02,15
545,/content/ravdess/Actor_15/03-02-06-01-02-02-15.wav,03,02,06,01,02,02,15
546,/content/ravdess/Actor_15/03-02-03-01-02-02-15.wav,03,02,03,01,02,02,15
547,/content/ravdess/Actor_15/03-02-02-01-02-02-15.wav,03,02,02,01,02,02,15
548,/content/ravdess/Actor_15/03-02-06-02-01-01-15.wav,03,02,06,02,01,01,15
549,/content/ravdess/Actor_15/03-02-05-02-01-01-15.wav,03,02,05,02,01,01,15
550,/content/ravdess/Actor_15/03-02-05-01-02-01-15.wav,03,02,05,01,02,01,15
551,/content/ravdess/Actor_15/03-02-05-01-01-01-15.wav,03,02,05,01,01,01,15
552,/content/ravdess/Actor_15/03-02-03-01-01-01-15.wav,03,02,03,01,01,01,15
553,/content/ravdess/Actor_15/03-02-06-02-01-02-15.wav,03,02,06,02,01,02,15
554,/content/ravdess/Actor_15/03-02-03-02-02-02-15.wav,03,02,03,02,02,02,15
555,/content/ravdess/Actor_15/03-02-02-02-02-02-15.wav,03,02,02,02,02,02,15
556,/content/ravdess/Actor_15/03-02-04-02-01-01-15.wav,03,02,04,02,01,01,15
557,/content/ravdess/Actor_15/03-02-06-01-02-01-15.wav,03,02,06,01,02,01,15
558,/content/ravdess/Actor_15/03-02-04-02-02-01-15.wav,03,02,04,02,02,01,15
559,/content/ravdess/Actor_15/03-02-04-01-01-01-15.wav,03,02,04,01,01,01,15
560,/content/ravdess/Actor_15/03-02-06-02-02-01-15.wav,03,02,06,02,02,01,15
561,/content/ravdess/Actor_15/03-02-05-01-01-02-15.wav,03,02,05,01,01,02,15
562,/content/ravdess/Actor_15/03-02-02-01-01-02-15.wav,03,02,02,01,01,02,15
563,/content/ravdess/Actor_15/03-02-05-02-02-01-15.wav,03,02,05,02,02,01,15
564,/content/ravdess/Actor_15/03-02-02-02-02-01-15.wav,03,02,02,02,02,01,15
565,/content/ravdess/Actor_15/03-02-03-02-02-01-15.wav,03,02,03,02,02,01,15
566,/content/ravdess/Actor_15/03-02-01-01-02-02-15.wav,03,02,01,01,02,02,15
567,/content/ravdess/Actor_15/03-02-04-02-02-02-15.wav,03,02,04,02,02,02,15
568,/content/ravdess/Actor_15/03-02-02-01-02-01-15.wav,03,02,02,01,02,01,15
569,/content/ravdess/Actor_15/03-02-06-01-01-02-15.wav,03,02,06,01,01,02,15
570,/content/ravdess/Actor_15/03-02-01-01-01-01-15.wav,03,02,01,01,01,01,15
571,/content/ravdess/Actor_15/03-02-05-01-02-02-15.wav,03,02,05,01,02,02,15
572,/content/ravdess/Actor_04/03-02-03-01-01-01-04.wav,03,02,03,01,01,01,04
573,/content/ravdess/Actor_04/03-02-03-01-01-02-04.wav,03,02,03,01,01,02,04
574,/content/ravdess/Actor_04/03-02-05-02-01-01-04.wav,03,02,05,02,01,01,04
575,/content/ravdess/Actor_04/03-02-03-02-01-02-04.wav,03,02,03,02,01,02,04
576,/content/ravdess/Actor_04/03-02-02-01-02-01-04.wav,03,02,02,01,02,01,04
577,/content/ravdess/Actor_04/03-02-05-01-02-02-04.wav,03,02,05,01,02,02,04
578,/content/ravdess/Actor_04/03-02-03-01-02-01-04.wav,03,02,03,01,02,01,04
579,/content/ravdess/Actor_04/03-02-05-01-01-01-04.wav,03,02,05,01,01,01,04
580,/content/ravdess/Actor_04/03-02-05-02-02-01-04.wav,03,02,05,02,02,01,04
581,/content/ravdess/Actor_04/03-02-06-01-02-02-04.wav,03,02,06,01,02,02,04
582,/content/ravdess/Actor_04/03-02-02-02-01-01-04.wav,03,02,02,02,01,01,04
583,/content/ravdess/Actor_04/03-02-03-01-02-02-04.wav,03,02,03,01,02,02,04
584,/content/ravdess/Actor_04/03-02-02-02-01-02-04.wav,03,02,02,02,01,02,04
585,/content/ravdess/Actor_04/03-02-01-01-01-02-04.wav,03,02,01,01,01,02,04
586,/content/ravdess/Actor_04/03-02-02-02-02-02-04.wav,03,02,02,02,02,02,04
587,/content/ravdess/Actor_04/03-02-06-02-01-01-04.wav,03,02,06,02,01,01,04
588,/content/ravdess/Actor_04/03-02-02-02-02-01-04.wav,03,02,02,02,02,01,04
589,/content/ravdess/Actor_04/03-02-05-01-01-02-04.wav,03,02,05,01,01,02,04
590,/content/ravdess/Actor_04/03-02-06-01-01-01-04.wav,03,02,06,01,01,01,04
591,/content/ravdess/Actor_04/03-02-05-02-02-02-04.wav,03,02,05,02,02,02,04
592,/content/ravdess/Actor_04/03-02-04-01-02-02-04.wav,03,02,04,01,02,02,04
593,/content/ravdess/Actor_04/03-02-04-02-02-02-04.wav,03,02,04,02,02,02,04
594,/content/ravdess/Actor_04/03-02-06-02-01-02-04.wav,03,02,06,02,01,02,04
595,/content/ravdess/Actor_04/03-02-04-02-02-01-04.wav,03,02,04,02,02,01,04
596,/content/ravdess/Actor_04/03-02-06-02-02-02-04.wav,03,02,06,02,02,02,04
597,/content/ravdess/Actor_04/03-02-01-01-02-02-04.wav,03,02,01,01,02,02,04
598,/content/ravdess/Actor_04/03-02-01-01-01-01-04.wav,03,02,01,01,01,01,04
599,/content/ravdess/Actor_04/03-02-04-02-01-01-04.wav,03,02,04,02,01,01,04
600,/content/ravdess/Actor_04/03-02-02-01-01-02-04.wav,03,02,02,01,01,02,04
601,/content/ravdess/Actor_04/03-02-02-01-02-02-04.wav,03,02,02,01,02,02,04
602,/content/ravdess/Actor_04/03-02-06-01-02-01-04.wav,03,02,06,01,02,01,04
603,/content/ravdess/Actor_04/03-02-02-01-01-01-04.wav,03,02,02,01,01,01,04
604,/content/ravdess/Actor_04/03-02-06-02-02-01-04.wav,03,02,06,02,02,01,04
605,/content/ravdess/Actor_04/03-02-04-01-02-01-04.wav,03,02,04,01,02,01,04
606,/content/ravdess/Actor_04/03-02-04-02-01-02-04.wav,03,02,04,02,01,02,04
607,/content/ravdess/Actor_04/03-02-03-02-02-01-04.wav,03,02,03,02,02,01,04
608,/content/ravdess/Actor_04/03-02-04-01-01-01-04.wav,03,02,04,01,01,01,04
609,/content/ravdess/Actor_04/03-02-06-01-01-02-04.wav,03,02,06,01,01,02,04
610,/content/ravdess/Actor_04/03-02-05-01-02-01-04.wav,03,02,05,01,02,01,04
611,/content/ravdess/Actor_04/03-02-04-01-01-02-04.wav,03,02,04,01,01,02,04
612,/content/ravdess/Actor_04/03-02-03-02-01-01-04.wav,03,02,03,02,01,01,04
613,/content/ravdess/Actor_04/03-02-01-01-02-01-04.wav,03,02,01,01,02,01,04
614,/content/ravdess/Actor_04/03-02-03-02-02-02-04.wav,03,02,03,02,02,02,04
615,/content/ravdess/Actor_04/03-02-05-02-01-02-04.wav,03,02,05,02,01,02,04
616,/content/ravdess/Actor_02/03-02-03-01-01-02-02.wav,03,02,03,01,01,02,02
617,/content/ravdess/Actor_02/03-02-02-01-01-01-02.wav,03,02,02,01,01,01,02
618,/content/ravdess/Actor_02/03-02-04-02-02-02-02.wav,03,02,04,02,02,02,02
619,/content/ravdess/Actor_02/03-02-06-01-01-01-02.wav,03,02,06,01,01,01,02
620,/content/ravdess/Actor_02/03-02-01-01-01-01-02.wav,03,02,01,01,01,01,02
621,/content/ravdess/Actor_02/03-02-04-01-01-02-02.wav,03,02,04,01,01,02,02
622,/content/ravdess/Actor_02/03-02-05-01-02-01-02.wav,03,02,05,01,02,01,02
623,/content/ravdess/Actor_02/03-02-04-02-01-02-02.wav,03,02,04,02,01,02,02
624,/content/ravdess/Actor_02/03-02-03-02-01-02-02.wav,03,02,03,02,01,02,02
625,/content/ravdess/Actor_02/03-02-06-01-01-02-02.wav,03,02,06,01,01,02,02
626,/content/ravdess/Actor_02/03-02-03-02-01-01-02.wav,03,02,03,02,01,01,02
627,/content/ravdess/Actor_02/03-02-06-01-02-01-02.wav,03,02,06,01,02,01,02
628,/content/ravdess/Actor_02/03-02-04-01-02-01-02.wav,03,02,04,01,02,01,02
629,/content/ravdess/Actor_02/03-02-03-02-02-02-02.wav,03,02,03,02,02,02,02
630,/content/ravdess/Actor_02/03-02-02-02-02-02-02.wav,03,02,02,02,02,02,02
631,/content/ravdess/Actor_02/03-02-04-02-01-01-02.wav,03,02,04,02,01,01,02
632,/content/ravdess/Actor_02/03-02-02-02-02-01-02.wav,03,02,02,02,02,01,02
633,/content/ravdess/Actor_02/03-02-02-02-01-01-02.wav,03,02,02,02,01,01,02
634,/content/ravdess/Actor_02/03-02-03-01-02-01-02.wav,03,02,03,01,02,01,02
635,/content/ravdess/Actor_02/03-02-03-01-01-01-02.wav,03,02,03,01,01,01,02
636,/content/ravdess/Actor_02/03-02-01-01-02-02-02.wav,03,02,01,01,02,02,02
637,/content/ravdess/Actor_02/03-02-03-01-02-02-02.wav,03,02,03,01,02,02,02
638,/content/ravdess/Actor_02/03-02-05-01-02-02-02.wav,03,02,05,01,02,02,02
639,/content/ravdess/Actor_02/03-02-04-01-02-02-02.wav,03,02,04,01,02,02,02
640,/content/ravdess/Actor_02/03-02-02-01-01-02-02.wav,03,02,02,01,01,02,02
641,/content/ravdess/Actor_02/03-02-06-02-01-02-02.wav,03,02,06,02,01,02,02
642,/content/ravdess/Actor_02/03-02-04-02-02-01-02.wav,03,02,04,02,02,01,02
643,/content/ravdess/Actor_02/03-02-06-02-02-02-02.wav,03,02,06,02,02,02,02
644,/content/ravdess/Actor_02/03-02-03-02-02-01-02.wav,03,02,03,02,02,01,02
645,/content/ravdess/Actor_02/03-02-06-01-02-02-02.wav,03,02,06,01,02,02,02
646,/content/ravdess/Actor_02/03-02-04-01-01-01-02.wav,03,02,04,01,01,01,02
647,/content/ravdess/Actor_02/03-02-01-01-01-02-02.wav,03,02,01,01,01,02,02
648,/content/ravdess/Actor_02/03-02-06-02-02-01-02.wav,03,02,06,02,02,01,02
649,/content/ravdess/Actor_02/03-02-05-02-01-01-02.wav,03,02,05,02,01,01,02
650,/content/ravdess/Actor_02/03-02-01-01-02-01-02.wav,03,02,01,01,02,01,02
651,/content/ravdess/Actor_02/03-02-05-01-01-01-02.wav,03,02,05,01,01,01,02
652,/content/ravdess/Actor_02/03-02-06-02-01-01-02.wav,03,02,06,02,01,01,02
653,/content/ravdess/Actor_02/03-02-05-02-02-02-02.wav,03,02,05,02,02,02,02
654,/content/ravdess/Actor_02/03-02-05-01-01-02-02.wav,03,02,05,01,01,02,02
655,/content/ravdess/Actor_02/03-02-05-02-01-02-02.wav,03,02,05,02,01,02,02
656,/content/ravdess/Actor_02/03-02-02-02-01-02-02.wav,03,02,02,02,01,02,02
657,/content/ravdess/Actor_02/03-02-02-01-02-01-02.wav,03,02,02,01,02,01,02
658,/content/ravdess/Actor_02/03-02-02-01-02-02-02.wav,03,02,02,01,02,02,02
659,/content/ravdess/Actor_02/03-02-05-02-02-01-02.wav,03,02,05,02,02,01,02
660,/content/ravdess/Actor_20/03-02-02-01-01-01-20.wav,03,02,02,01,01,01,20
661,/content/ravdess/Actor_20/03-02-01-01-02-01-20.wav,03,02,01,01,02,01,20
662,/content/ravdess/Actor_20/03-02-06-01-01-01-20.wav,03,02,06,01,01,01,20
663,/content/ravdess/Actor_20/03-02-01-01-01-02-20.wav,03,02,01,01,01,02,20
664,/content/ravdess/Actor_20/03-02-05-02-01-02-20.wav,03,02,05,02,01,02,20
665,/content/ravdess/Actor_20/03-02-05-02-02-02-20.wav,03,02,05,02,02,02,20
666,/content/ravdess/Actor_20/03-02-04-02-01-01-20.wav,03,02,04,02,01,01,20
667,/content/ravdess/Actor_20/03-02-06-01-02-02-20.wav,03,02,06,01,02,02,20
668,/content/ravdess/Actor_20/03-02-03-02-01-02-20.wav,03,02,03,02,01,02,20
669,/content/ravdess/Actor_20/03-02-06-01-02-01-20.wav,03,02,06,01,02,01,20
670,/content/ravdess/Actor_20/03-02-05-02-02-01-20.wav,03,02,05,02,02,01,20
671,/content/ravdess/Actor_20/03-02-01-01-01-01-20.wav,03,02,01,01,01,01,20
672,/content/ravdess/Actor_20/03-02-05-02-01-01-20.wav,03,02,05,02,01,01,20
673,/content/ravdess/Actor_20/03-02-03-01-01-01-20.wav,03,02,03,01,01,01,20
674,/content/ravdess/Actor_20/03-02-03-01-01-02-20.wav,03,02,03,01,01,02,20
675,/content/ravdess/Actor_20/03-02-06-01-01-02-20.wav,03,02,06,01,01,02,20
676,/content/ravdess/Actor_20/03-02-05-01-01-02-20.wav,03,02,05,01,01,02,20
677,/content/ravdess/Actor_20/03-02-04-01-01-02-20.wav,03,02,04,01,01,02,20
678,/content/ravdess/Actor_20/03-02-02-02-02-01-20.wav,03,02,02,02,02,01,20
679,/content/ravdess/Actor_20/03-02-01-01-02-02-20.wav,03,02,01,01,02,02,20
680,/content/ravdess/Actor_20/03-02-04-02-02-02-20.wav,03,02,04,02,02,02,20
681,/content/ravdess/Actor_20/03-02-04-02-02-01-20.wav,03,02,04,02,02,01,20
682,/content/ravdess/Actor_20/03-02-03-02-02-02-20.wav,03,02,03,02,02,02,20
683,/content/ravdess/Actor_20/03-02-02-02-02-02-20.wav,03,02,02,02,02,02,20
684,/content/ravdess/Actor_20/03-02-03-02-01-01-20.wav,03,02,03,02,01,01,20
685,/content/ravdess/Actor_20/03-02-02-01-02-02-20.wav,03,02,02,01,02,02,20
686,/content/ravdess/Actor_20/03-02-02-02-01-01-20.wav,03,02,02,02,01,01,20
687,/content/ravdess/Actor_20/03-02-04-02-01-02-20.wav,03,02,04,02,01,02,20
688,/content/ravdess/Actor_20/03-02-04-01-02-02-20.wav,03,02,04,01,02,02,20
689,/content/ravdess/Actor_20/03-02-03-01-02-02-20.wav,03,02,03,01,02,02,20
690,/content/ravdess/Actor_20/03-02-03-01-02-01-20.wav,03,02,03,01,02,01,20
691,/content/ravdess/Actor_20/03-02-04-01-01-01-20.wav,03,02,04,01,01,01,20
692,/content/ravdess/Actor_20/03-02-05-01-02-02-20.wav,03,02,05,01,02,02,20
693,/content/ravdess/Actor_20/03-02-02-02-01-02-20.wav,03,02,02,02,01,02,20
694,/content/ravdess/Actor_20/03-02-02-01-02-01-20.wav,03,02,02,01,02,01,20
695,/content/ravdess/Actor_20/03-02-06-02-02-02-20.wav,03,02,06,02,02,02,20
696,/content/ravdess/Actor_20/03-02-05-01-02-01-20.wav,03,02,05,01,02,01,20
697,/content/ravdess/Actor_20/03-02-02-01-01-02-20.wav,03,02,02,01,01,02,20
698,/content/ravdess/Actor_20/03-02-03-02-02-01-20.wav,03,02,03,02,02,01,20
699,/content/ravdess/Actor_20/03-02-04-01-02-01-20.wav,03,02,04,01,02,01,20
700,/content/ravdess/Actor_20/03-02-05-01-01-01-20.wav,03,02,05,01,01,01,20
701,/content/ravdess/Actor_20/03-02-06-02-01-01-20.wav,03,02,06,02,01,01,20
702,/content/ravdess/Actor_20/03-02-06-02-02-01-20.wav,03,02,06,02,02,01,20
703,/content/ravdess/Actor_20/03-02-06-02-01-02-20.wav,03,02,06,02,01,02,20
704,/content/ravdess/Actor_11/03-02-05-01-02-02-11.wav,03,02,05,01,02,02,11
705,/content/ravdess/Actor_11/03-02-01-01-02-01-11.wav,03,02,01,01,02,01,11
706,/content/ravdess/Actor_11/03-02-04-02-02-02-11.wav,03,02,04,02,02,02,11
707,/content/ravdess/Actor_11/03-02-04-01-02-02-11.wav,03,02,04,01,02,02,11
708,/content/ravdess/Actor_11/03-02-05-02-02-02-11.wav,03,02,05,02,02,02,11
709,/content/ravdess/Actor_11/03-02-02-01-02-01-11.wav,03,02,02,01,02,01,11
710,/content/ravdess/Actor_11/03-02-06-02-02-02-11.wav,03,02,06,02,02,02,11
711,/content/ravdess/Actor_11/03-02-03-02-02-02-11.wav,03,02,03,02,02,02,11
712,/content/ravdess/Actor_11/03-02-04-01-02-01-11.wav,03,02,04,01,02,01,11
713,/content/ravdess/Actor_11/03-02-03-01-02-01-11.wav,03,02,03,01,02,01,11
714,/content/ravdess/Actor_11/03-02-06-02-01-02-11.wav,03,02,06,02,01,02,11
715,/content/ravdess/Actor_11/03-02-01-01-01-02-11.wav,03,02,01,01,01,02,11
716,/content/ravdess/Actor_11/03-02-04-02-01-02-11.wav,03,02,04,02,01,02,11
717,/content/ravdess/Actor_11/03-02-02-02-01-02-11.wav,03,02,02,02,01,02,11
718,/content/ravdess/Actor_11/03-02-06-01-02-02-11.wav,03,02,06,01,02,02,11
719,/content/ravdess/Actor_11/03-02-04-01-01-01-11.wav,03,02,04,01,01,01,11
720,/content/ravdess/Actor_11/03-02-06-01-01-01-11.wav,03,02,06,01,01,01,11
721,/content/ravdess/Actor_11/03-02-02-01-01-01-11.wav,03,02,02,01,01,01,11
722,/content/ravdess/Actor_11/03-02-06-01-02-01-11.wav,03,02,06,01,02,01,11
723,/content/ravdess/Actor_11/03-02-04-02-01-01-11.wav,03,02,04,02,01,01,11
724,/content/ravdess/Actor_11/03-02-03-01-02-02-11.wav,03,02,03,01,02,02,11
725,/content/ravdess/Actor_11/03-02-01-01-01-01-11.wav,03,02,01,01,01,01,11
726,/content/ravdess/Actor_11/03-02-03-02-02-01-11.wav,03,02,03,02,02,01,11
727,/content/ravdess/Actor_11/03-02-03-02-01-01-11.wav,03,02,03,02,01,01,11
728,/content/ravdess/Actor_11/03-02-01-01-02-02-11.wav,03,02,01,01,02,02,11
729,/content/ravdess/Actor_11/03-02-04-01-01-02-11.wav,03,02,04,01,01,02,11
730,/content/ravdess/Actor_11/03-02-02-02-02-02-11.wav,03,02,02,02,02,02,11
731,/content/ravdess/Actor_11/03-02-06-02-02-01-11.wav,03,02,06,02,02,01,11
732,/content/ravdess/Actor_11/03-02-03-01-01-01-11.wav,03,02,03,01,01,01,11
733,/content/ravdess/Actor_11/03-02-05-01-02-01-11.wav,03,02,05,01,02,01,11
734,/content/ravdess/Actor_11/03-02-05-02-01-02-11.wav,03,02,05,02,01,02,11
735,/content/ravdess/Actor_11/03-02-05-02-02-01-11.wav,03,02,05,02,02,01,11
736,/content/ravdess/Actor_11/03-02-04-02-02-01-11.wav,03,02,04,02,02,01,11
737,/content/ravdess/Actor_11/03-02-03-02-01-02-11.wav,03,02,03,02,01,02,11
738,/content/ravdess/Actor_11/03-02-06-02-01-01-11.wav,03,02,06,02,01,01,11
739,/content/ravdess/Actor_11/03-02-02-02-02-01-11.wav,03,02,02,02,02,01,11
740,/content/ravdess/Actor_11/03-02-05-01-01-02-11.wav,03,02,05,01,01,02,11
741,/content/ravdess/Actor_11/03-02-06-01-01-02-11.wav,03,02,06,01,01,02,11
742,/content/ravdess/Actor_11/03-02-02-02-01-01-11.wav,03,02,02,02,01,01,11
743,/content/ravdess/Actor_11/03-02-02-01-02-02-11.wav,03,02,02,01,02,02,11
744,/content/ravdess/Actor_11/03-02-02-01-01-02-11.wav,03,02,02,01,01,02,11
745,/content/ravdess/Actor_11/03-02-03-01-01-02-11.wav,03,02,03,01,01,02,11
746,/content/ravdess/Actor_11/03-02-05-02-01-01-11.wav,03,02,05,02,01,01,11
747,/content/ravdess/Actor_11/03-02-05-01-01-01-11.wav,03,02,05,01,01,01,11
748,/content/ravdess/Actor_08/03-02-03-01-02-01-08.wav,03,02,03,01,02,01,08
749,/content/ravdess/Actor_08/03-02-02-02-02-02-08.wav,03,02,02,02,02,02,08
750,/content/ravdess/Actor_08/03-02-06-02-01-01-08.wav,03,02,06,02,01,01,08
751,/content/ravdess/Actor_08/03-02-03-02-02-01-08.wav,03,02,03,02,02,01,08
752,/content/ravdess/Actor_08/03-02-04-02-02-01-08.wav,03,02,04,02,02,01,08
753,/content/ravdess/Actor_08/03-02-01-01-02-01-08.wav,03,02,01,01,02,01,08
754,/content/ravdess/Actor_08/03-02-03-02-01-01-08.wav,03,02,03,02,01,01,08
755,/content/ravdess/Actor_08/03-02-05-01-01-01-08.wav,03,02,05,01,01,01,08
756,/content/ravdess/Actor_08/03-02-05-01-02-01-08.wav,03,02,05,01,02,01,08
757,/content/ravdess/Actor_08/03-02-04-02-01-01-08.wav,03,02,04,02,01,01,08
758,/content/ravdess/Actor_08/03-02-06-01-01-02-08.wav,03,02,06,01,01,02,08
759,/content/ravdess/Actor_08/03-02-01-01-01-01-08.wav,03,02,01,01,01,01,08
760,/content/ravdess/Actor_08/03-02-04-02-01-02-08.wav,03,02,04,02,01,02,08
761,/content/ravdess/Actor_08/03-02-04-01-01-02-08.wav,03,02,04,01,01,02,08
762,/content/ravdess/Actor_08/03-02-04-01-02-02-08.wav,03,02,04,01,02,02,08
763,/content/ravdess/Actor_08/03-02-06-01-02-02-08.wav,03,02,06,01,02,02,08
764,/content/ravdess/Actor_08/03-02-04-02-02-02-08.wav,03,02,04,02,02,02,08
765,/content/ravdess/Actor_08/03-02-03-01-01-02-08.wav,03,02,03,01,01,02,08
766,/content/ravdess/Actor_08/03-02-06-02-02-01-08.wav,03,02,06,02,02,01,08
767,/content/ravdess/Actor_08/03-02-05-01-01-02-08.wav,03,02,05,01,01,02,08
768,/content/ravdess/Actor_08/03-02-05-01-02-02-08.wav,03,02,05,01,02,02,08
769,/content/ravdess/Actor_08/03-02-02-01-02-02-08.wav,03,02,02,01,02,02,08
770,/content/ravdess/Actor_08/03-02-04-01-01-01-08.wav,03,02,04,01,01,01,08
771,/content/ravdess/Actor_08/03-02-02-02-01-02-08.wav,03,02,02,02,01,02,08
772,/content/ravdess/Actor_08/03-02-05-02-01-01-08.wav,03,02,05,02,01,01,08
773,/content/ravdess/Actor_08/03-02-06-02-02-02-08.wav,03,02,06,02,02,02,08
774,/content/ravdess/Actor_08/03-02-05-02-02-01-08.wav,03,02,05,02,02,01,08
775,/content/ravdess/Actor_08/03-02-02-01-01-02-08.wav,03,02,02,01,01,02,08
776,/content/ravdess/Actor_08/03-02-06-02-01-02-08.wav,03,02,06,02,01,02,08
777,/content/ravdess/Actor_08/03-02-03-02-02-02-08.wav,03,02,03,02,02,02,08
778,/content/ravdess/Actor_08/03-02-02-02-01-01-08.wav,03,02,02,02,01,01,08
779,/content/ravdess/Actor_08/03-02-02-01-02-01-08.wav,03,02,02,01,02,01,08
780,/content/ravdess/Actor_08/03-02-04-01-02-01-08.wav,03,02,04,01,02,01,08
781,/content/ravdess/Actor_08/03-02-02-02-02-01-08.wav,03,02,02,02,02,01,08
782,/content/ravdess/Actor_08/03-02-05-02-02-02-08.wav,03,02,05,02,02,02,08
783,/content/ravdess/Actor_08/03-02-03-01-02-02-08.wav,03,02,03,01,02,02,08
784,/content/ravdess/Actor_08/03-02-03-01-01-01-08.wav,03,02,03,01,01,01,08
785,/content/ravdess/Actor_08/03-02-06-01-01-01-08.wav,03,02,06,01,01,01,08
786,/content/ravdess/Actor_08/03-02-01-01-02-02-08.wav,03,02,01,01,02,02,08
787,/content/ravdess/Actor_08/03-02-01-01-01-02-08.wav,03,02,01,01,01,02,08
788,/content/ravdess/Actor_08/03-02-02-01-01-01-08.wav,03,02,02,01,01,01,08
789,/content/ravdess/Actor_08/03-02-03-02-01-02-08.wav,03,02,03,02,01,02,08
790,/content/ravdess/Actor_08/03-02-05-02-01-02-08.wav,03,02,05,02,01,02,08
791,/content/ravdess/Actor_08/03-02-06-01-02-01-08.wav,03,02,06,01,02,01,08
792,/content/ravdess/Actor_21/03-02-02-02-02-01-21.wav,03,02,02,02,02,01,21
793,/content/ravdess/Actor_21/03-02-02-01-02-01-21.wav,03,02,02,01,02,01,21
794,/content/ravdess/Actor_21/03-02-06-01-02-01-21.wav,03,02,06,01,02,01,21
795,/content/ravdess/Actor_21/03-02-06-02-02-01-21.wav,03,02,06,02,02,01,21
796,/content/ravdess/Actor_21/03-02-02-01-02-02-21.wav,03,02,02,01,02,02,21
797,/content/ravdess/Actor_21/03-02-03-02-01-02-21.wav,03,02,03,02,01,02,21
798,/content/ravdess/Actor_21/03-02-06-02-02-02-21.wav,03,02,06,02,02,02,21
799,/content/ravdess/Actor_21/03-02-04-01-02-02-21.wav,03,02,04,01,02,02,21
800,/content/ravdess/Actor_21/03-02-04-01-01-02-21.wav,03,02,04,01,01,02,21
801,/content/ravdess/Actor_21/03-02-01-01-01-02-21.wav,03,02,01,01,01,02,21
802,/content/ravdess/Actor_21/03-02-05-02-01-01-21.wav,03,02,05,02,01,01,21
803,/content/ravdess/Actor_21/03-02-05-01-01-02-21.wav,03,02,05,01,01,02,21
804,/content/ravdess/Actor_21/03-02-05-02-02-01-21.wav,03,02,05,02,02,01,21
805,/content/ravdess/Actor_21/03-02-03-02-01-01-21.wav,03,02,03,02,01,01,21
806,/content/ravdess/Actor_21/03-02-03-01-01-01-21.wav,03,02,03,01,01,01,21
807,/content/ravdess/Actor_21/03-02-03-02-02-02-21.wav,03,02,03,02,02,02,21
808,/content/ravdess/Actor_21/03-02-02-01-01-01-21.wav,03,02,02,01,01,01,21
809,/content/ravdess/Actor_21/03-02-04-02-01-01-21.wav,03,02,04,02,01,01,21
810,/content/ravdess/Actor_21/03-02-04-02-01-02-21.wav,03,02,04,02,01,02,21
811,/content/ravdess/Actor_21/03-02-06-01-02-02-21.wav,03,02,06,01,02,02,21
812,/content/ravdess/Actor_21/03-02-02-02-01-01-21.wav,03,02,02,02,01,01,21
813,/content/ravdess/Actor_21/03-02-04-01-01-01-21.wav,03,02,04,01,01,01,21
814,/content/ravdess/Actor_21/03-02-03-01-02-01-21.wav,03,02,03,01,02,01,21
815,/content/ravdess/Actor_21/03-02-06-01-01-01-21.wav,03,02,06,01,01,01,21
816,/content/ravdess/Actor_21/03-02-05-02-01-02-21.wav,03,02,05,02,01,02,21
817,/content/ravdess/Actor_21/03-02-03-01-01-02-21.wav,03,02,03,01,01,02,21
818,/content/ravdess/Actor_21/03-02-03-01-02-02-21.wav,03,02,03,01,02,02,21
819,/content/ravdess/Actor_21/03-02-01-01-02-01-21.wav,03,02,01,01,02,01,21
820,/content/ravdess/Actor_21/03-02-01-01-02-02-21.wav,03,02,01,01,02,02,21
821,/content/ravdess/Actor_21/03-02-05-01-02-01-21.wav,03,02,05,01,02,01,21
822,/content/ravdess/Actor_21/03-02-05-01-02-02-21.wav,03,02,05,01,02,02,21
823,/content/ravdess/Actor_21/03-02-02-02-01-02-21.wav,03,02,02,02,01,02,21
824,/content/ravdess/Actor_21/03-02-05-01-01-01-21.wav,03,02,05,01,01,01,21
825,/content/ravdess/Actor_21/03-02-02-02-02-02-21.wav,03,02,02,02,02,02,21
826,/content/ravdess/Actor_21/03-02-02-01-01-02-21.wav,03,02,02,01,01,02,21
827,/content/ravdess/Actor_21/03-02-04-02-02-01-21.wav,03,02,04,02,02,01,21
828,/content/ravdess/Actor_21/03-02-04-01-02-01-21.wav,03,02,04,01,02,01,21
829,/content/ravdess/Actor_21/03-02-06-02-01-01-21.wav,03,02,06,02,01,01,21
830,/content/ravdess/Actor_21/03-02-04-02-02-02-21.wav,03,02,04,02,02,02,21
831,/content/ravdess/Actor_21/03-02-06-02-01-02-21.wav,03,02,06,02,01,02,21
832,/content/ravdess/Actor_21/03-02-01-01-01-01-21.wav,03,02,01,01,01,01,21
833,/content/ravdess/Actor_21/03-02-06-01-01-02-21.wav,03,02,06,01,01,02,21
834,/content/ravdess/Actor_21/03-02-05-02-02-02-21.wav,03,02,05,02,02,02,21
835,/content/ravdess/Actor_21/03-02-03-02-02-01-21.wav,03,02,03,02,02,01,21
836,/content/ravdess/Actor_23/03-02-05-02-01-02-23.wav,03,02,05,02,01,02,23
837,/content/ravdess/Actor_23/03-02-06-02-01-02-23.wav,03,02,06,02,01,02,23
838,/content/ravdess/Actor_23/03-02-03-02-01-02-23.wav,03,02,03,02,01,02,23
839,/content/ravdess/Actor_23/03-02-03-02-01-01-23.wav,03,02,03,02,01,01,23
840,/content/ravdess/Actor_23/03-02-06-01-02-01-23.wav,03,02,06,01,02,01,23
841,/content/ravdess/Actor_23/03-02-06-02-01-01-23.wav,03,02,06,02,01,01,23
842,/content/ravdess/Actor_23/03-02-06-01-02-02-23.wav,03,02,06,01,02,02,23
843,/content/ravdess/Actor_23/03-02-06-02-02-02-23.wav,03,02,06,02,02,02,23
844,/content/ravdess/Actor_23/03-02-05-02-02-01-23.wav,03,02,05,02,02,01,23
845,/content/ravdess/Actor_23/03-02-02-02-01-01-23.wav,03,02,02,02,01,01,23
846,/content/ravdess/Actor_23/03-02-03-02-02-01-23.wav,03,02,03,02,02,01,23
847,/content/ravdess/Actor_23/03-02-02-01-01-02-23.wav,03,02,02,01,01,02,23
848,/content/ravdess/Actor_23/03-02-05-01-01-02-23.wav,03,02,05,01,01,02,23
849,/content/ravdess/Actor_23/03-02-06-01-01-02-23.wav,03,02,06,01,01,02,23
850,/content/ravdess/Actor_23/03-02-02-01-02-01-23.wav,03,02,02,01,02,01,23
851,/content/ravdess/Actor_23/03-02-03-01-02-02-23.wav,03,02,03,01,02,02,23
852,/content/ravdess/Actor_23/03-02-02-02-02-02-23.wav,03,02,02,02,02,02,23
853,/content/ravdess/Actor_23/03-02-02-02-02-01-23.wav,03,02,02,02,02,01,23
854,/content/ravdess/Actor_23/03-02-05-01-02-02-23.wav,03,02,05,01,02,02,23
855,/content/ravdess/Actor_23/03-02-06-02-02-01-23.wav,03,02,06,02,02,01,23
856,/content/ravdess/Actor_23/03-02-01-01-01-01-23.wav,03,02,01,01,01,01,23
857,/content/ravdess/Actor_23/03-02-04-02-02-02-23.wav,03,02,04,02,02,02,23
858,/content/ravdess/Actor_23/03-02-05-01-01-01-23.wav,03,02,05,01,01,01,23
859,/content/ravdess/Actor_23/03-02-05-02-01-01-23.wav,03,02,05,02,01,01,23
860,/content/ravdess/Actor_23/03-02-03-01-01-02-23.wav,03,02,03,01,01,02,23
861,/content/ravdess/Actor_23/03-02-04-02-01-02-23.wav,03,02,04,02,01,02,23
862,/content/ravdess/Actor_23/03-02-04-01-01-02-23.wav,03,02,04,01,01,02,23
863,/content/ravdess/Actor_23/03-02-04-01-01-01-23.wav,03,02,04,01,01,01,23
864,/content/ravdess/Actor_23/03-02-05-02-02-02-23.wav,03,02,05,02,02,02,23
865,/content/ravdess/Actor_23/03-02-04-02-02-01-23.wav,03,02,04,02,02,01,23
866,/content/ravdess/Actor_23/03-02-04-01-02-02-23.wav,03,02,04,01,02,02,23
867,/content/ravdess/Actor_23/03-02-02-01-01-01-23.wav,03,02,02,01,01,01,23
868,/content/ravdess/Actor_23/03-02-03-02-02-02-23.wav,03,02,03,02,02,02,23
869,/content/ravdess/Actor_23/03-02-05-01-02-01-23.wav,03,02,05,01,02,01,23
870,/content/ravdess/Actor_23/03-02-01-01-02-02-23.wav,03,02,01,01,02,02,23
871,/content/ravdess/Actor_23/03-02-04-02-01-01-23.wav,03,02,04,02,01,01,23
872,/content/ravdess/Actor_23/03-02-03-01-01-01-23.wav,03,02,03,01,01,01,23
873,/content/ravdess/Actor_23/03-02-01-01-02-01-23.wav,03,02,01,01,02,01,23
874,/content/ravdess/Actor_23/03-02-02-02-01-02-23.wav,03,02,02,02,01,02,23
875,/content/ravdess/Actor_23/03-02-06-01-01-01-23.wav,03,02,06,01,01,01,23
876,/content/ravdess/Actor_23/03-02-02-01-02-02-23.wav,03,02,02,01,02,02,23
877,/content/ravdess/Actor_23/03-02-03-01-02-01-23.wav,03,02,03,01,02,01,23
878,/content/ravdess/Actor_23/03-02-01-01-01-02-23.wav,03,02,01,01,01,02,23
879,/content/ravdess/Actor_23/03-02-04-01-02-01-23.wav,03,02,04,01,02,01,23
880,/content/ravdess/Actor_07/03-02-04-02-02-02-07.wav,03,02,04,02,02,02,07
881,/content/ravdess/Actor_07/03-02-05-01-01-02-07.wav,03,02,05,01,01,02,07
882,/content/ravdess/Actor_07/03-02-06-01-01-01-07.wav,03,02,06,01,01,01,07
883,/content/ravdess/Actor_07/03-02-01-01-02-02-07.wav,03,02,01,01,02,02,07
884,/content/ravdess/Actor_07/03-02-02-02-02-01-07.wav,03,02,02,02,02,01,07
885,/content/ravdess/Actor_07/03-02-04-01-01-01-07.wav,03,02,04,01,01,01,07
886,/content/ravdess/Actor_07/03-02-05-02-02-02-07.wav,03,02,05,02,02,02,07
887,/content/ravdess/Actor_07/03-02-04-02-02-01-07.wav,03,02,04,02,02,01,07
888,/content/ravdess/Actor_07/03-02-02-02-01-02-07.wav,03,02,02,02,01,02,07
889,/content/ravdess/Actor_07/03-02-02-01-01-02-07.wav,03,02,02,01,01,02,07
890,/content/ravdess/Actor_07/03-02-06-01-02-02-07.wav,03,02,06,01,02,02,07
891,/content/ravdess/Actor_07/03-02-03-02-01-02-07.wav,03,02,03,02,01,02,07
892,/content/ravdess/Actor_07/03-02-05-01-01-01-07.wav,03,02,05,01,01,01,07
893,/content/ravdess/Actor_07/03-02-04-01-02-01-07.wav,03,02,04,01,02,01,07
894,/content/ravdess/Actor_07/03-02-03-01-02-02-07.wav,03,02,03,01,02,02,07
895,/content/ravdess/Actor_07/03-02-05-02-02-01-07.wav,03,02,05,02,02,01,07
896,/content/ravdess/Actor_07/03-02-01-01-01-01-07.wav,03,02,01,01,01,01,07
897,/content/ravdess/Actor_07/03-02-06-02-02-02-07.wav,03,02,06,02,02,02,07
898,/content/ravdess/Actor_07/03-02-03-01-02-01-07.wav,03,02,03,01,02,01,07
899,/content/ravdess/Actor_07/03-02-03-01-01-01-07.wav,03,02,03,01,01,01,07
900,/content/ravdess/Actor_07/03-02-02-01-02-01-07.wav,03,02,02,01,02,01,07
901,/content/ravdess/Actor_07/03-02-03-01-01-02-07.wav,03,02,03,01,01,02,07
902,/content/ravdess/Actor_07/03-02-02-01-02-02-07.wav,03,02,02,01,02,02,07
903,/content/ravdess/Actor_07/03-02-04-01-02-02-07.wav,03,02,04,01,02,02,07
904,/content/ravdess/Actor_07/03-02-02-02-01-01-07.wav,03,02,02,02,01,01,07
905,/content/ravdess/Actor_07/03-02-02-02-02-02-07.wav,03,02,02,02,02,02,07
906,/content/ravdess/Actor_07/03-02-06-01-01-02-07.wav,03,02,06,01,01,02,07
907,/content/ravdess/Actor_07/03-02-05-02-01-01-07.wav,03,02,05,02,01,01,07
908,/content/ravdess/Actor_07/03-02-05-01-02-02-07.wav,03,02,05,01,02,02,07
909,/content/ravdess/Actor_07/03-02-06-02-02-01-07.wav,03,02,06,02,02,01,07
910,/content/ravdess/Actor_07/03-02-03-02-02-01-07.wav,03,02,03,02,02,01,07
911,/content/ravdess/Actor_07/03-02-06-02-01-01-07.wav,03,02,06,02,01,01,07
912,/content/ravdess/Actor_07/03-02-03-02-02-02-07.wav,03,02,03,02,02,02,07
913,/content/ravdess/Actor_07/03-02-02-01-01-01-07.wav,03,02,02,01,01,01,07
914,/content/ravdess/Actor_07/03-02-05-02-01-02-07.wav,03,02,05,02,01,02,07
915,/content/ravdess/Actor_07/03-02-01-01-02-01-07.wav,03,02,01,01,02,01,07
916,/content/ravdess/Actor_07/03-02-04-02-01-01-07.wav,03,02,04,02,01,01,07
917,/content/ravdess/Actor_07/03-02-04-02-01-02-07.wav,03,02,04,02,01,02,07
918,/content/ravdess/Actor_07/03-02-03-02-01-01-07.wav,03,02,03,02,01,01,07
919,/content/ravdess/Actor_07/03-02-04-01-01-02-07.wav,03,02,04,01,01,02,07
920,/content/ravdess/Actor_07/03-02-06-01-02-01-07.wav,03,02,06,01,02,01,07
921,/content/ravdess/Actor_07/03-02-05-01-02-01-07.wav,03,02,05,01,02,01,07
922,/content/ravdess/Actor_07/03-02-01-01-01-02-07.wav,03,02,01,01,01,02,07
923,/content/ravdess/Actor_07/03-02-06-02-01-02-07.wav,03,02,06,02,01,02,07
924,/content/ravdess/Actor_17/03-02-03-01-01-02-17.wav,03,02,03,01,01,02,17
925,/content/ravdess/Actor_17/03-02-06-02-01-01-17.wav,03,02,06,02,01,01,17
926,/content/ravdess/Actor_17/03-02-06-01-01-01-17.wav,03,02,06,01,01,01,17
927,/content/ravdess/Actor_17/03-02-02-01-01-01-17.wav,03,02,02,01,01,01,17
928,/content/ravdess/Actor_17/03-02-06-01-02-01-17.wav,03,02,06,01,02,01,17
929,/content/ravdess/Actor_17/03-02-05-01-01-01-17.wav,03,02,05,01,01,01,17
930,/content/ravdess/Actor_17/03-02-06-01-01-02-17.wav,03,02,06,01,01,02,17
931,/content/ravdess/Actor_17/03-02-05-01-01-02-17.wav,03,02,05,01,01,02,17
932,/content/ravdess/Actor_17/03-02-02-02-02-02-17.wav,03,02,02,02,02,02,17
933,/content/ravdess/Actor_17/03-02-05-01-02-02-17.wav,03,02,05,01,02,02,17
934,/content/ravdess/Actor_17/03-02-01-01-01-02-17.wav,03,02,01,01,01,02,17
935,/content/ravdess/Actor_17/03-02-04-01-01-01-17.wav,03,02,04,01,01,01,17
936,/content/ravdess/Actor_17/03-02-06-02-02-01-17.wav,03,02,06,02,02,01,17
937,/content/ravdess/Actor_17/03-02-02-02-01-01-17.wav,03,02,02,02,01,01,17
938,/content/ravdess/Actor_17/03-02-03-01-02-01-17.wav,03,02,03,01,02,01,17
939,/content/ravdess/Actor_17/03-02-02-02-02-01-17.wav,03,02,02,02,02,01,17
940,/content/ravdess/Actor_17/03-02-03-02-01-02-17.wav,03,02,03,02,01,02,17
941,/content/ravdess/Actor_17/03-02-03-02-02-01-17.wav,03,02,03,02,02,01,17
942,/content/ravdess/Actor_17/03-02-02-02-01-02-17.wav,03,02,02,02,01,02,17
943,/content/ravdess/Actor_17/03-02-05-02-01-01-17.wav,03,02,05,02,01,01,17
944,/content/ravdess/Actor_17/03-02-03-01-01-01-17.wav,03,02,03,01,01,01,17
945,/content/ravdess/Actor_17/03-02-05-01-02-01-17.wav,03,02,05,01,02,01,17
946,/content/ravdess/Actor_17/03-02-04-02-01-02-17.wav,03,02,04,02,01,02,17
947,/content/ravdess/Actor_17/03-02-01-01-02-02-17.wav,03,02,01,01,02,02,17
948,/content/ravdess/Actor_17/03-02-04-01-01-02-17.wav,03,02,04,01,01,02,17
949,/content/ravdess/Actor_17/03-02-06-02-02-02-17.wav,03,02,06,02,02,02,17
950,/content/ravdess/Actor_17/03-02-02-01-01-02-17.wav,03,02,02,01,01,02,17
951,/content/ravdess/Actor_17/03-02-01-01-01-01-17.wav,03,02,01,01,01,01,17
952,/content/ravdess/Actor_17/03-02-03-02-02-02-17.wav,03,02,03,02,02,02,17
953,/content/ravdess/Actor_17/03-02-06-01-02-02-17.wav,03,02,06,01,02,02,17
954,/content/ravdess/Actor_17/03-02-06-02-01-02-17.wav,03,02,06,02,01,02,17
955,/content/ravdess/Actor_17/03-02-04-02-02-02-17.wav,03,02,04,02,02,02,17
956,/content/ravdess/Actor_17/03-02-01-01-02-01-17.wav,03,02,01,01,02,01,17
957,/content/ravdess/Actor_17/03-02-03-01-02-02-17.wav,03,02,03,01,02,02,17
958,/content/ravdess/Actor_17/03-02-03-02-01-01-17.wav,03,02,03,02,01,01,17
959,/content/ravdess/Actor_17/03-02-04-02-01-01-17.wav,03,02,04,02,01,01,17
960,/content/ravdess/Actor_17/03-02-04-01-02-01-17.wav,03,02,04,01,02,01,17
961,/content/ravdess/Actor_17/03-02-02-01-02-01-17.wav,03,02,02,01,02,01,17
962,/content/ravdess/Actor_17/03-02-05-02-02-01-17.wav,03,02,05,02,02,01,17
963,/content/ravdess/Actor_17/03-02-05-02-02-02-17.wav,03,02,05,02,02,02,17
964,/content/ravdess/Actor_17/03-02-04-02-02-01-17.wav,03,02,04,02,02,01,17
965,/content/ravdess/Actor_17/03-02-04-01-02-02-17.wav,03,02,04,01,02,02,17
966,/content/ravdess/Actor_17/03-02-05-02-01-02-17.wav,03,02,05,02,01,02,17
967,/content/ravdess/Actor_17/03-02-02-01-02-02-17.wav,03,02,02,01,02,02,17
968,/content/ravdess/Actor_19/03-02-04-02-01-02-19.wav,03,02,04,02,01,02,19
969,/content/ravdess/Actor_19/03-02-05-01-02-02-19.wav,03,02,05,01,02,02,19
970,/content/ravdess/Actor_19/03-02-02-01-02-01-19.wav,03,02,02,01,02,01,19
971,/content/ravdess/Actor_19/03-02-03-02-01-02-19.wav,03,02,03,02,01,02,19
972,/content/ravdess/Actor_19/03-02-02-02-02-02-19.wav,03,02,02,02,02,02,19
973,/content/ravdess/Actor_19/03-02-03-01-01-01-19.wav,03,02,03,01,01,01,19
974,/content/ravdess/Actor_19/03-02-02-02-01-01-19.wav,03,02,02,02,01,01,19
975,/content/ravdess/Actor_19/03-02-02-02-01-02-19.wav,03,02,02,02,01,02,19
976,/content/ravdess/Actor_19/03-02-05-02-02-02-19.wav,03,02,05,02,02,02,19
977,/content/ravdess/Actor_19/03-02-04-01-02-01-19.wav,03,02,04,01,02,01,19
978,/content/ravdess/Actor_19/03-02-05-01-01-01-19.wav,03,02,05,01,01,01,19
979,/content/ravdess/Actor_19/03-02-02-01-01-01-19.wav,03,02,02,01,01,01,19
980,/content/ravdess/Actor_19/03-02-01-01-01-01-19.wav,03,02,01,01,01,01,19
981,/content/ravdess/Actor_19/03-02-06-01-01-02-19.wav,03,02,06,01,01,02,19
982,/content/ravdess/Actor_19/03-02-05-02-01-01-19.wav,03,02,05,02,01,01,19
983,/content/ravdess/Actor_19/03-02-03-01-01-02-19.wav,03,02,03,01,01,02,19
984,/content/ravdess/Actor_19/03-02-03-02-02-01-19.wav,03,02,03,02,02,01,19
985,/content/ravdess/Actor_19/03-02-01-01-01-02-19.wav,03,02,01,01,01,02,19
986,/content/ravdess/Actor_19/03-02-04-01-01-02-19.wav,03,02,04,01,01,02,19
987,/content/ravdess/Actor_19/03-02-06-01-02-01-19.wav,03,02,06,01,02,01,19
988,/content/ravdess/Actor_19/03-02-03-01-02-02-19.wav,03,02,03,01,02,02,19
989,/content/ravdess/Actor_19/03-02-05-01-02-01-19.wav,03,02,05,01,02,01,19
990,/content/ravdess/Actor_19/03-02-06-01-02-02-19.wav,03,02,06,01,02,02,19
991,/content/ravdess/Actor_19/03-02-06-02-02-01-19.wav,03,02,06,02,02,01,19
992,/content/ravdess/Actor_19/03-02-06-02-01-02-19.wav,03,02,06,02,01,02,19
993,/content/ravdess/Actor_19/03-02-02-01-02-02-19.wav,03,02,02,01,02,02,19
994,/content/ravdess/Actor_19/03-02-04-01-02-02-19.wav,03,02,04,01,02,02,19
995,/content/ravdess/Actor_19/03-02-04-02-02-01-19.wav,03,02,04,02,02,01,19
996,/content/ravdess/Actor_19/03-02-06-01-01-01-19.wav,03,02,06,01,01,01,19
997,/content/ravdess/Actor_19/03-02-06-02-01-01-19.wav,03,02,06,02,01,01,19
998,/content/ravdess/Actor_19/03-02-03-02-02-02-19.wav,03,02,03,02,02,02,19
999,/content/ravdess/Actor_19/03-02-04-02-02-02-19.wav,03,02,04,02,02,02,19
1000,/content/ravdess/Actor_19/03-02-05-02-02-01-19.wav,03,02,05,02,02,01,19
1001,/content/ravdess/Actor_19/03-02-04-02-01-01-19.wav,03,02,04,02,01,01,19
1002,/content/ravdess/Actor_19/03-02-03-01-02-01-19.wav,03,02,03,01,02,01,19
1003,/content/ravdess/Actor_19/03-02-05-02-01-02-19.wav,03,02,05,02,01,02,19
1004,/content/ravdess/Actor_19/03-02-05-01-01-02-19.wav,03,02,05,01,01,02,19
1005,/content/ravdess/Actor_19/03-02-03-02-01-01-19.wav,03,02,03,02,01,01,19
1006,/content/ravdess/Actor_19/03-02-02-01-01-02-19.wav,03,02,02,01,01,02,19
1007,/content/ravdess/Actor_19/03-02-02-02-02-01-19.wav,03,02,02,02,02,01,19
1008,/content/ravdess/Actor_19/03-02-04-01-01-01-19.wav,03,02,04,01,01,01,19
1009,/content/ravdess/Actor_19/03-02-01-01-02-01-19.wav,03,02,01,01,02,01,19
1010,/content/ravdess/Actor_19/03-02-01-01-02-02-19.wav,03,02,01,01,02,02,19
1011,/content/ravdess/Actor_19/03-02-06-02-02-02-19.wav,03,02,06,02,02,02,19
